time,open,high,low,close,volume
1766697300,87982.0,87982.0,87936.45,87976.83,2.41085
1766697360,87976.83,87982.98,87927.95,87927.95,6.58228
1766697420,87927.95,87943.02,87927.95,87943.01,1.63525
1766697480,87943.02,87943.02,87929.5,87929.5,1.18848
1766697540,87929.5,87943.32,87929.5,87943.32,2.48624
1766697600,87943.31,87968.8,87943.31,87946.7,1.62519
1766697660,87946.7,87950.72,87946.69,87950.71,1.56266
1766697720,87950.71,87950.72,87931.43,87943.75,4.28324
1766697780,87943.75,87943.76,87943.75,87943.76,0.57467
1766697840,87943.76,87961.3,87943.75,87961.3,2.92315
1766697900,87961.3,87965.26,87961.29,87965.26,0.44882
1766697960,87965.26,87965.26,87958.2,87958.2,1.2181
1766698020,87958.21,87958.21,87949.48,87949.48,0.43322
1766698080,87949.48,87949.49,87949.48,87949.49,1.39346
1766698140,87949.48,87958.2,87949.48,87958.19,0.68465
1766698200,87958.19,87958.2,87958.19,87958.2,0.49328
1766698260,87958.2,87959.09,87945.34,87945.34,3.96518
1766698320,87945.35,87973.95,87945.34,87951.05,2.82256
1766698380,87951.06,87956.14,87951.05,87956.14,0.69741
1766698440,87956.14,87956.14,87945.54,87945.55,7.29843
1766698500,87945.55,87945.55,87945.54,87945.55,0.47923
1766698560,87945.55,87966.39,87945.54,87966.39,3.49388
1766698620,87966.39,87966.42,87966.38,87966.41,2.59614
1766698680,87966.42,87969.42,87966.41,87969.42,0.55236
1766698740,87969.41,87969.42,87969.41,87969.41,0.34607
1766698800,87969.41,87969.42,87947.08,87947.09,5.58277
1766698860,87947.08,87965.0,87947.08,87965.0,1.1467
1766698920,87965.0,87979.91,87964.99,87974.92,2.32392
1766698980,87974.92,87974.92,87961.86,87961.86,1.82733
1766699040,87961.87,87961.87,87961.86,87961.87,0.24021
1766699100,87961.86,87961.87,87961.86,87961.86,0.41311
1766699160,87961.87,87961.87,87961.86,87961.87,0.73054
1766699220,87961.86,87961.87,87961.86,87961.87,0.44921
1766699280,87961.86,87961.86,87945.6,87945.61,5.41424
1766699340,87945.61,87945.61,87945.6,87945.6,0.40874
1766699400,87945.6,87945.61,87932.0,87932.0,3.4033
1766699460,87932.0,87941.85,87932.0,87941.84,1.49945
1766699520,87941.85,87949.3,87932.0,87932.01,1.06904
1766699580,87932.0,87932.01,87907.79,87907.8,1.11375
1766699640,87907.8,87907.8,87878.27,87878.28,2.82108
1766699700,87878.28,87892.17,87872.68,87892.17,1.88977
1766699760,87892.17,87892.17,87892.16,87892.16,1.41297
1766699820,87892.17,87901.22,87892.16,87901.21,1.00527
1766699880,87901.22,87901.22,87901.21,87901.22,0.36787
1766699940,87901.21,87901.22,87901.21,87901.21,0.28435
1766700000,87901.22,87915.1,87901.21,87910.71,1.50533
1766700060,87910.7,87915.1,87910.7,87915.1,0.24773
1766700120,87915.1,87915.1,87915.09,87915.09,1.34925
1766700180,87915.09,87915.1,87915.09,87915.09,0.61502
1766700240,87915.1,87915.1,87915.09,87915.1,0.62322
1766700300,87915.09,87915.09,87792.67,87799.8,9.49528
1766700360,87799.8,87845.92,87799.79,87845.92,1.25422
1766700420,87845.91,87845.92,87836.66,87836.66,0.64692
1766700480,87836.67,87837.37,87836.66,87837.36,1.41192
1766700540,87837.37,87837.37,87807.8,87807.81,2.4365
1766700600,87807.81,87828.08,87804.8,87828.08,23.24537
1766700660,87828.07,87837.37,87828.07,87837.37,2.46356
1766700720,87837.36,87837.37,87837.36,87837.37,0.82676
1766700780,87837.36,87860.76,87837.36,87860.76,21.8001
1766700840,87860.75,87871.06,87855.6,87855.6,4.30036
1766700900,87855.6,87855.61,87827.21,87854.23,1.61845
1766700960,87854.24,87854.24,87854.23,87854.24,0.43109
1766701020,87854.24,87860.97,87854.23,87860.97,1.64284
1766701080,87860.97,87860.97,87860.96,87860.97,0.29291
1766701140,87860.97,87860.97,87860.96,87860.97,0.5814
1766701200,87860.96,87860.97,87840.01,87840.02,0.91252
1766701260,87840.02,87851.08,87840.0,87840.01,1.25631
1766701320,87840.0,87840.01,87832.84,87832.85,2.19277
1766701380,87832.84,87839.7,87826.46,87839.7,0.85968
1766701440,87839.69,87839.7,87825.06,87825.07,0.81144
1766701500,87825.07,87840.69,87822.02,87838.89,36.97518
1766701560,87838.89,87838.9,87837.0,87837.01,3.73704
1766701620,87837.0,87844.05,87837.0,87844.04,1.05973
1766701680,87844.05,87872.93,87844.04,87872.93,0.92638
1766701740,87872.92,87872.93,87842.85,87842.85,4.08479
1766701800,87842.86,87842.86,87842.85,87842.86,2.97161
1766701860,87842.86,87877.77,87842.85,87877.77,3.47486
1766701920,87877.77,87877.77,87855.49,87855.49,1.42071
1766701980,87855.49,87855.5,87855.49,87855.5,1.24304
1766702040,87855.5,87855.5,87855.49,87855.5,0.68555
1766702100,87855.5,87877.86,87855.49,87877.86,0.87015
1766702160,87877.86,87892.55,87877.85,87892.55,0.77212
1766702220,87892.55,87896.92,87892.54,87896.92,0.63161
1766702280,87896.92,87901.41,87896.92,87900.0,2.67921
1766702340,87900.0,87900.0,87888.3,87888.31,1.10916
1766702400,87888.3,87888.3,87876.8,87876.8,0.9274
1766702460,87876.81,87876.81,87770.45,87788.0,5.86309
1766702520,87788.0,87821.77,87787.99,87821.76,1.87185
1766702580,87821.77,87827.0,87770.45,87794.59,7.04666
1766702640,87794.58,87794.58,87700.0,87709.82,5.64185
1766702700,87709.82,87709.82,87558.87,87615.83,30.73554
1766702760,87615.83,87656.0,87576.81,87625.71,6.05663
1766702820,87625.22,87625.79,87378.45,87580.01,70.9243
1766702880,87580.01,87580.01,87506.47,87512.82,12.80878
1766702940,87512.81,87512.82,87361.54,87400.86,17.60494
1766703000,87400.87,87486.9,87388.08,87482.72,17.36157
1766703060,87482.72,87563.16,87464.26,87482.88,15.40399
1766703120,87482.87,87529.27,87311.0,87450.47,38.61846
1766703180,87450.47,87469.87,87420.16,87469.87,7.50996
1766703240,87469.86,87527.78,87456.69,87522.7,8.44321
1766703300,87522.7,87603.53,87492.65,87603.52,18.55303
1766703360,87603.52,87614.8,87543.01,87549.14,15.29826
1766703420,87549.15,87598.32,87540.3,87592.67,10.33831
1766703480,87592.67,87692.68,87592.66,87692.68,11.05805
1766703540,87692.68,87705.64,87626.93,87650.0,11.6621
1766703600,87649.99,87677.01,87565.99,87566.0,43.22285
1766703660,87566.0,87573.05,87502.0,87540.89,7.84345
1766703720,87540.88,87540.89,87491.08,87491.08,8.95337
1766703780,87491.09,87594.72,87486.74,87575.51,7.75654
1766703840,87575.51,87648.05,87575.51,87637.51,4.20951
1766703900,87637.51,87652.0,87590.99,87601.68,8.96735
1766703960,87601.68,87638.46,87593.0,87593.01,3.12564
1766704020,87593.01,87626.13,87593.0,87619.77,2.96194
1766704080,87619.76,87643.33,87619.76,87643.33,2.16822
1766704140,87643.32,87651.99,87624.75,87651.98,4.68368
1766704200,87651.98,87692.0,87635.64,87687.34,26.59177
1766704260,87687.33,87765.48,87687.33,87729.4,28.50161
1766704320,87729.41,87771.01,87715.52,87739.94,27.07798
1766704380,87739.95,87752.51,87738.0,87738.0,4.1117
1766704440,87738.01,87738.01,87692.67,87692.67,3.10451
1766704500,87692.67,87692.67,87657.67,87670.8,16.6213
1766704560,87670.81,87683.08,87670.8,87683.08,1.50859
1766704620,87683.08,87695.68,87679.6,87679.6,9.39113
1766704680,87679.59,87680.0,87679.59,87680.0,3.3163
1766704740,87679.99,87680.0,87679.99,87680.0,3.01788
1766704800,87680.0,87680.0,87585.01,87587.5,4.4125
1766704860,87587.51,87607.41,87578.54,87578.54,1.75251
1766704920,87578.53,87578.54,87520.43,87520.43,7.81639
1766704980,87520.44,87579.23,87518.0,87518.01,18.30915
1766705040,87518.01,87556.85,87518.0,87556.85,1.82517
1766705100,87556.85,87585.16,87556.84,87585.16,3.34406
1766705160,87585.16,87592.66,87524.93,87524.94,4.64327
1766705220,87524.94,87555.25,87495.61,87495.61,16.12095
1766705280,87495.6,87497.03,87463.76,87497.03,7.23799
1766705340,87497.02,87532.93,87491.0,87491.0,14.41947
1766705400,87491.0,87491.01,87283.19,87387.28,51.55112
1766705460,87387.28,87392.64,87314.05,87337.85,6.12522
1766705520,87337.86,87343.9,87298.41,87343.9,7.20173
1766705580,87343.9,87343.9,87150.42,87162.02,43.5435
1766705640,87162.02,87209.37,87150.0,87177.23,7.58218
1766705700,87177.23,87198.56,87141.98,87141.98,7.2976
1766705760,87141.98,87191.99,87110.0,87191.99,25.38201
1766705820,87191.99,87191.99,87055.0,87100.98,40.29897
1766705880,87100.99,87121.87,87050.0,87068.48,23.6672
1766705940,87068.48,87147.82,87063.92,87115.78,10.91396
1766706000,87115.78,87217.68,87088.2,87205.51,10.59193
1766706060,87205.51,87213.98,87169.81,87178.86,3.58839
1766706120,87178.85,87210.08,87157.07,87172.59,9.39569
1766706180,87172.58,87172.59,87063.59,87063.59,7.19433
1766706240,87063.58,87082.36,87023.73,87054.85,29.72081
1766706300,87054.85,87054.85,86934.72,87017.7,70.96444
1766706360,87017.69,87070.0,86969.68,87043.47,21.72325
1766706420,87043.48,87123.82,87043.45,87119.15,14.39611
1766706480,87119.15,87119.15,87043.92,87075.76,9.96954
1766706540,87075.76,87179.35,87075.75,87157.07,15.18632
1766706600,87157.08,87157.08,87114.49,87153.6,5.813
1766706660,87153.6,87315.37,87153.59,87277.03,38.03305
1766706720,87277.02,87319.32,87259.31,87319.32,9.06329
1766706780,87319.32,87319.32,87246.55,87246.56,4.59445
1766706840,87246.56,87259.3,87246.55,87259.3,1.50925
1766706900,87259.29,87294.0,87259.29,87293.99,2.90225
1766706960,87294.0,87310.9,87240.23,87246.95,10.70034
1766707020,87246.94,87271.96,87221.4,87244.01,3.2491
1766707080,87244.01,87288.61,87243.99,87284.24,6.86848
1766707140,87284.25,87284.25,87225.27,87225.27,10.51311
1766707200,87225.27,87257.29,87220.91,87245.35,12.47823
1766707260,87245.36,87305.47,87245.35,87282.41,6.54692
1766707320,87282.42,87296.75,87260.01,87260.02,4.49089
1766707380,87260.02,87275.04,87236.45,87244.1,7.98279
1766707440,87244.1,87261.11,87200.01,87251.2,18.96173
1766707500,87251.19,87307.0,87213.58,87307.0,8.32848
1766707560,87307.0,87307.0,87287.31,87306.99,2.93399
1766707620,87306.99,87320.1,87292.65,87297.0,2.86111
1766707680,87297.0,87297.01,87187.61,87200.0,34.97727
1766707740,87200.0,87209.73,87060.36,87060.51,30.17901
1766707800,87060.51,87094.07,87052.68,87077.54,9.48409
1766707860,87077.53,87077.53,87039.1,87053.94,12.69941
1766707920,87053.93,87076.63,87053.93,87060.09,3.99592
1766707980,87060.09,87125.71,87057.83,87125.71,13.76799
1766708040,87125.71,87205.76,87125.7,87196.15,11.86463
1766708100,87196.14,87196.14,87082.21,87082.22,22.1726
1766708160,87082.21,87100.01,87080.0,87100.0,7.63037
1766708220,87100.0,87100.0,87076.91,87092.62,2.70033
1766708280,87092.62,87092.62,87064.4,87086.14,2.16559
1766708340,87086.14,87113.16,87086.0,87100.0,13.67507
1766708400,87100.01,87113.16,87094.86,87094.87,2.96644
1766708460,87094.87,87107.0,87094.86,87106.99,8.58434
1766708520,87107.0,87128.1,87092.62,87095.0,11.12617
1766708580,87095.0,87100.08,87094.99,87100.08,2.98127
1766708640,87100.07,87175.55,87100.07,87163.09,8.24055
1766708700,87163.09,87259.31,87163.08,87259.31,7.46066
1766708760,87259.31,87262.01,87228.26,87228.27,7.69725
1766708820,87228.26,87228.27,87194.24,87200.01,3.51218
1766708880,87200.01,87200.01,86946.75,86998.38,47.25103
1766708940,86998.38,87071.45,86995.81,87069.45,15.10251
1766709000,87069.46,87114.76,87069.46,87109.08,7.31486
1766709060,87109.09,87150.0,87092.64,87144.35,5.66706
1766709120,87144.34,87202.29,87144.34,87192.63,4.74503
1766709180,87192.64,87203.59,87186.74,87203.59,4.81738
1766709240,87203.58,87221.76,87200.29,87200.3,13.03756
1766709300,87200.3,87200.3,87033.98,87046.96,34.67772
1766709360,87046.96,87083.4,87045.51,87076.27,14.04944
1766709420,87076.27,87076.27,87054.84,87054.84,1.81759
1766709480,87054.85,87131.16,87054.84,87131.16,7.89601
1766709540,87131.16,87137.29,87124.33,87129.84,1.18582
1766709600,87129.85,87134.79,87110.92,87126.56,2.09077
1766709660,87126.57,87138.77,87085.98,87085.98,5.14657
1766709720,87085.11,87085.11,86988.81,86994.91,7.11215
1766709780,86994.91,87005.33,86891.7,87005.32,21.67224
1766709840,87005.32,87027.05,86954.0,86971.48,6.1551
1766709900,86971.47,87024.0,86971.47,87024.0,5.35992
1766709960,87023.99,87024.34,86955.38,87024.34,7.59896
1766710020,87024.34,87024.35,86970.73,86970.73,4.65357
1766710080,86970.73,87004.78,86970.73,86994.12,3.09297
1766710140,86994.12,87000.0,86931.83,86978.66,12.92573
1766710200,86978.65,87054.85,86978.65,87054.85,3.84468
1766710260,87054.85,87120.0,87042.74,87120.0,12.89808
1766710320,87120.0,87129.47,87096.0,87113.14,1.75457
1766710380,87113.14,87113.14,87062.01,87062.02,5.51053
1766710440,87062.02,87080.11,87062.02,87080.1,12.51952
1766710500,87080.09,87080.1,87054.96,87075.72,3.36602
1766710560,87075.73,87125.34,87073.06,87080.22,6.17335
1766710620,87080.22,87097.95,87054.84,87054.84,3.34717
1766710680,87054.85,87117.62,87054.84,87100.01,3.60449
1766710740,87100.01,87120.0,87100.0,87120.0,4.37479
1766710800,87119.99,87131.33,87119.99,87131.33,1.49854
1766710860,87131.32,87190.0,87131.32,87182.73,7.14924
1766710920,87182.73,87242.46,87182.73,87220.0,9.96599
1766710980,87220.01,87231.66,87208.01,87218.47,2.30125
1766711040,87218.47,87218.47,87207.8,87211.32,0.92571
1766711100,87211.31,87284.41,87211.31,87274.02,4.8395
1766711160,87274.02,87278.34,87238.19,87270.7,3.93962
1766711220,87270.7,87285.58,87270.7,87279.14,3.04442
1766711280,87279.14,87289.43,87279.13,87279.14,1.48089
1766711340,87279.15,87315.27,87278.25,87278.87,3.8908
1766711400,87278.87,87331.31,87274.51,87331.3,10.82371
1766711460,87331.3,87331.31,87282.36,87317.99,4.95157
1766711520,87317.99,87318.0,87276.0,87280.35,3.7757
1766711580,87280.34,87288.86,87249.82,87288.85,2.9248
1766711640,87288.86,87288.86,87260.91,87286.75,1.77577
1766711700,87286.76,87307.51,87280.17,87296.47,4.56469
1766711760,87296.48,87303.45,87266.92,87266.92,4.31664
1766711820,87266.93,87297.47,87266.92,87280.65,3.2701
1766711880,87280.65,87344.19,87280.65,87324.68,3.55571
1766711940,87324.69,87324.69,87299.97,87299.98,6.36767
1766712000,87299.98,87361.54,87290.2,87361.54,5.83137
1766712060,87361.53,87361.53,87300.07,87320.51,11.44793
1766712120,87320.5,87320.5,87250.0,87276.79,13.26297
1766712180,87276.79,87289.02,87255.29,87284.66,3.08646
1766712240,87284.66,87353.74,87284.65,87344.43,2.49647
1766712300,87344.43,87354.99,87319.68,87330.59,3.32337
1766712360,87330.6,87349.8,87326.24,87349.8,1.71856
1766712420,87349.8,87382.24,87349.8,87376.27,23.20552
1766712480,87376.28,87376.28,87361.53,87369.06,3.20755
1766712540,87369.06,87369.07,87342.23,87342.38,2.74824
1766712600,87342.38,87342.39,87321.31,87340.54,1.63945
1766712660,87340.53,87351.26,87321.33,87347.05,2.84681
1766712720,87347.05,87347.06,87324.01,87324.02,1.5592
1766712780,87324.02,87333.24,87321.34,87333.23,1.14492
1766712840,87333.24,87351.47,87305.67,87351.47,1.93278
1766712900,87351.47,87378.52,87351.46,87378.52,1.55822
1766712960,87378.51,87378.51,87367.93,87372.4,1.12021
1766713020,87372.39,87372.4,87337.47,87346.82,1.90098
1766713080,87346.82,87370.21,87346.82,87370.2,2.13945
1766713140,87370.2,87370.21,87348.35,87348.36,2.42139
1766713200,87348.35,87360.06,87327.56,87337.07,1.94102
1766713260,87337.07,87372.4,87337.06,87372.39,1.49786
1766713320,87372.4,87372.4,87368.03,87372.0,0.71793
1766713380,87372.0,87372.0,87371.99,87372.0,0.3302
1766713440,87372.0,87441.52,87371.99,87398.15,10.80777
1766713500,87398.15,87432.0,87375.18,87425.86,4.91225
1766713560,87425.87,87431.98,87421.49,87421.5,2.15493
1766713620,87421.5,87424.05,87421.49,87424.05,0.84649
1766713680,87424.05,87500.0,87424.04,87428.0,12.49012
1766713740,87428.0,87468.09,87421.51,87462.03,2.41839
1766713800,87462.03,87474.49,87439.0,87439.01,2.93253
1766713860,87439.01,87459.42,87439.0,87459.42,2.49847
1766713920,87459.41,87459.42,87411.21,87411.21,1.70505
1766713980,87411.22,87430.17,87411.21,87430.17,2.24888
1766714040,87430.17,87457.28,87430.17,87431.19,2.80311
1766714100,87431.2,87439.47,87431.19,87439.47,1.37902
1766714160,87439.47,87457.69,87439.46,87451.56,1.29246
1766714220,87451.56,87451.56,87451.55,87451.55,0.33241
1766714280,87451.55,87451.56,87438.43,87438.43,3.39195
1766714340,87438.43,87438.44,87432.25,87432.26,2.09239
1766714400,87432.26,87460.32,87423.51,87436.86,7.53615
1766714460,87436.85,87465.22,87416.04,87465.22,6.5084
1766714520,87465.21,87508.62,87465.21,87508.62,1.33235
1766714580,87508.61,87515.52,87466.88,87488.89,4.82595
1766714640,87488.9,87518.0,87488.89,87506.27,2.54649
1766714700,87506.27,87506.28,87463.76,87463.77,6.54174
1766714760,87463.77,87504.0,87459.63,87485.8,4.58002
1766714820,87485.8,87538.46,87485.8,87520.34,5.80362
1766714880,87520.33,87520.33,87515.0,87519.37,0.91434
1766714940,87519.36,87600.0,87519.36,87595.5,5.69154
1766715000,87595.5,87595.5,87565.0,87565.01,6.53993
1766715060,87565.0,87607.06,87565.0,87602.68,3.15848
1766715120,87602.68,87694.53,87602.67,87681.6,21.61275
1766715180,87681.6,87873.07,87681.6,87873.07,17.62655
1766715240,87873.07,88201.59,87862.02,88195.66,83.71758
1766715300,88195.67,88500.0,88195.66,88481.52,231.70335
1766715360,88481.52,88600.0,88426.01,88550.16,104.48141
1766715420,88550.15,88661.93,88426.11,88486.07,93.18619
1766715480,88486.07,88588.3,88486.06,88518.29,38.57945
1766715540,88518.29,88724.63,88518.29,88640.98,83.14939
1766715600,88640.98,89073.18,88640.97,88973.21,288.87894
1766715660,88973.21,89103.88,88803.32,88821.13,109.17601
1766715720,88821.14,88990.0,88762.59,88974.08,63.60586
1766715780,88974.08,89041.65,88934.0,89014.7,58.39076
1766715840,89014.71,89081.77,88977.5,89032.21,47.70059
1766715900,89032.22,89297.64,89032.22,89121.35,125.84791
1766715960,89121.36,89196.86,89092.37,89186.27,44.3196
1766716020,89186.26,89186.26,89000.04,89080.73,44.35847
1766716080,89080.73,89092.3,88979.79,88979.79,37.49176
1766716140,88979.8,89020.13,88979.79,89020.13,31.70179
1766716200,89020.13,89240.4,89020.13,89238.17,57.78787
1766716260,89238.17,89382.0,89143.5,89365.26,74.2621
1766716320,89365.26,89440.0,89268.76,89289.3,57.5525
1766716380,89289.29,89325.67,89260.37,89299.99,54.95673
1766716440,89299.99,89341.29,89081.7,89095.99,43.55941
1766716500,89096.0,89305.97,89074.87,89275.69,31.36328
1766716560,89275.69,89380.85,89257.6,89380.84,22.93412
1766716620,89380.85,89388.0,89234.0,89234.0,27.15848
1766716680,89234.01,89272.08,89126.48,89132.72,21.52466
1766716740,89132.73,89150.17,89065.64,89098.01,36.52484
1766716800,89098.01,89216.8,89098.0,89168.95,37.2818
1766716860,89168.95,89251.55,89168.95,89234.88,32.47971
1766716920,89234.87,89251.69,89229.0,89246.08,55.31638
1766716980,89246.07,89268.67,89200.0,89253.73,45.65351
1766717040,89253.74,89253.74,89229.16,89229.16,46.73882
1766717100,89229.17,89318.0,89200.0,89318.0,44.23602
1766717160,89318.0,89328.13,89256.0,89256.01,50.84957
1766717220,89256.01,89296.48,89256.0,89283.03,34.39579
1766717280,89283.02,89283.02,89050.04,89079.99,70.88688
1766717340,89079.99,89152.53,89070.98,89096.01,36.05763
1766717400,89096.0,89139.99,89092.0,89101.99,31.54273
1766717460,89101.99,89220.95,89092.16,89195.74,37.17352
1766717520,89195.75,89220.27,89122.99,89153.83,33.30387
1766717580,89153.82,89243.45,89153.82,89223.6,33.02834
1766717640,89223.6,89288.43,89223.59,89288.42,33.77015
1766717700,89288.42,89296.48,89250.11,89250.12,42.58057
1766717760,89250.12,89257.29,89216.95,89239.35,34.17431
1766717820,89239.35,89272.3,89125.86,89170.56,46.47681
1766717880,89170.56,89237.64,89134.58,89145.89,35.08717
1766717940,89145.89,89200.0,89140.53,89199.99,33.38123
1766718000,89200.0,89286.43,89200.0,89266.37,35.22022
1766718060,89266.38,89289.99,89210.0,89223.2,39.17416
1766718120,89223.21,89250.97,89202.99,89203.65,33.90949
1766718180,89203.65,89203.65,89124.62,89147.99,37.02336
1766718240,89147.99,89148.0,89066.0,89101.36,41.80049
1766718300,89101.35,89179.59,89096.89,89174.6,54.04968
1766718360,89174.6,89198.5,89134.43,89148.28,40.46014
1766718420,89148.29,89160.74,89134.0,89134.0,32.80048
1766718480,89134.01,89208.64,89134.0,89190.72,39.3876
1766718540,89190.72,89216.67,89176.0,89187.73,28.29021
1766718600,89187.73,89259.05,89187.73,89259.05,32.32887
1766718660,89259.04,89260.15,89204.03,89230.01,32.52004
1766718720,89230.0,89231.31,89180.0,89185.42,33.03837
1766718780,89185.41,89201.38,89058.39,89073.67,41.19022
1766718840,89073.68,89073.68,89024.02,89044.05,10.65584
1766718900,89044.06,89044.06,88966.5,88979.0,10.81673
1766718960,88978.99,89009.37,88950.0,88950.04,25.20335
1766719020,88950.05,88958.89,88924.11,88925.14,9.89029
1766719080,88925.13,88929.04,88841.0,88842.01,43.823
1766719140,88842.01,88847.03,88806.41,88847.03,18.8905
1766719200,88847.03,88933.12,88821.0,88832.03,21.89288
1766719260,88832.03,88867.62,88799.88,88799.89,5.76676
1766719320,88799.89,88815.41,88778.38,88780.77,16.1359
1766719380,88780.76,88781.44,88735.64,88781.44,10.884
1766719440,88781.43,88898.46,88781.43,88890.96,22.57172
1766719500,88890.97,88890.97,88805.92,88826.65,7.65747
1766719560,88826.66,88856.0,88816.31,88816.31,6.12547
1766719620,88816.31,88821.73,88816.31,88821.72,5.76034
1766719680,88821.71,88821.72,88812.48,88819.99,9.05888
1766719740,88820.0,88839.89,88819.99,88839.88,8.56139
1766719800,88839.89,88877.74,88839.88,88868.94,6.29928
1766719860,88868.95,88868.95,88739.83,88754.51,26.27279
1766719920,88754.51,88802.88,88754.51,88777.45,6.39331
1766719980,88777.46,88810.0,88777.45,88783.12,5.90296
1766720040,88783.12,88836.82,88783.12,88791.24,17.92584
1766720100,88791.23,88838.96,88791.23,88838.95,5.46378
1766720160,88838.96,88838.96,88836.5,88836.5,2.91581
1766720220,88836.5,88836.51,88747.88,88747.88,9.5023
1766720280,88747.89,88780.92,88733.26,88748.82,6.0222
1766720340,88748.83,88755.33,88726.53,88730.95,12.4492
1766720400,88730.95,88758.5,88730.94,88746.0,6.3251
1766720460,88745.99,88746.0,88718.29,88718.29,4.23137
1766720520,88718.3,88728.73,88714.36,88724.52,5.99698
1766720580,88724.52,88755.69,88714.36,88718.88,7.31111
1766720640,88718.89,88742.53,88718.88,88742.52,4.05391
1766720700,88742.53,88796.11,88742.52,88782.39,13.8048
1766720760,88782.39,88888.0,88773.49,88886.0,11.99309
1766720820,88886.0,88886.0,88825.72,88873.99,26.11734
1766720880,88873.99,88880.07,88855.57,88869.0,28.9383
1766720940,88869.0,88869.0,88842.42,88845.2,28.46825
1766721000,88845.19,88871.06,88810.0,88828.21,45.87877
1766721060,88828.21,88839.93,88765.61,88823.49,36.24739
1766721120,88823.48,88852.2,88823.48,88847.72,27.93199
1766721180,88847.73,88854.75,88822.97,88828.44,31.41791
1766721240,88828.43,88828.44,88757.82,88765.9,40.79645
1766721300,88765.9,88785.46,88753.16,88779.08,32.53473
1766721360,88779.09,88803.06,88779.09,88803.06,26.17058
1766721420,88803.06,88827.06,88798.98,88812.81,31.13499
1766721480,88812.81,88849.67,88812.8,88824.86,33.35417
1766721540,88824.86,88844.94,88818.0,88844.87,38.36119
1766721600,88844.88,88844.88,88768.55,88768.56,12.45962
1766721660,88768.55,88787.11,88744.5,88787.11,8.43652
1766721720,88787.1,88787.11,88539.35,88581.51,56.85551
1766721780,88581.51,88621.09,88562.46,88619.22,9.5484
1766721840,88619.22,88619.23,88531.31,88551.35,13.72756
1766721900,88551.35,88551.36,88519.08,88532.68,13.01833
1766721960,88532.67,88587.38,88516.73,88580.7,6.98356
1766722020,88580.7,88596.28,88572.44,88596.28,8.04841
1766722080,88596.27,88636.88,88596.27,88631.77,8.93773
1766722140,88631.77,88657.25,88631.77,88652.81,6.96163
1766722200,88652.82,88722.0,88652.82,88709.95,8.66379
1766722260,88709.96,88709.96,88692.74,88708.99,12.96699
1766722320,88708.99,88709.7,88703.84,88703.84,7.17048
1766722380,88703.85,88720.02,88703.84,88720.01,7.00588
1766722440,88720.0,88720.01,88720.0,88720.0,3.34263
1766722500,88720.01,88735.28,88720.0,88735.27,3.22909
1766722560,88735.28,88782.06,88735.28,88782.05,6.70877
1766722620,88782.05,88782.06,88711.36,88718.92,4.72657
1766722680,88718.91,88718.93,88718.91,88718.93,2.86959
1766722740,88718.92,88774.0,88718.92,88771.64,5.56767
1766722800,88771.65,88771.65,88736.25,88736.25,2.31
1766722860,88736.25,88766.78,88736.25,88766.77,3.8365
1766722920,88766.78,88766.78,88758.78,88758.79,2.41144
1766722980,88758.79,88758.79,88654.71,88665.33,16.18199
1766723040,88665.33,88665.34,88652.0,88660.21,3.47994
1766723100,88660.21,88720.0,88660.21,88720.0,2.78728
1766723160,88719.99,88720.0,88692.74,88692.75,2.44042
1766723220,88692.75,88705.03,88692.74,88703.01,1.89246
1766723280,88703.01,88713.66,88703.01,88713.65,4.96847
1766723340,88713.66,88713.66,88713.65,88713.66,0.70548
1766723400,88713.65,88740.97,88713.65,88740.96,2.13866
1766723460,88740.96,88792.75,88740.96,88774.21,7.93285
1766723520,88774.21,88792.76,88774.21,88792.76,9.29535
1766723580,88792.75,88811.86,88792.75,88811.86,8.34809
1766723640,88811.86,88830.12,88811.85,88823.9,4.29796
1766723700,88823.9,88823.9,88823.68,88823.68,1.64444
1766723760,88823.68,88851.82,88823.68,88851.81,4.83388
1766723820,88851.82,88853.21,88820.43,88827.07,15.79735
1766723880,88827.06,88827.08,88827.06,88827.08,2.95523
1766723940,88827.08,88869.92,88827.07,88869.91,2.50315
1766724000,88869.91,88914.83,88869.91,88900.01,9.2071
1766724060,88900.0,88919.22,88881.98,88914.2,7.50778
1766724120,88914.21,88933.48,88914.2,88933.47,22.70841
1766724180,88933.48,89016.34,88933.47,89015.58,42.18076
1766724240,89015.58,89081.77,89008.24,89040.78,41.61433
1766724300,89040.78,89123.46,89023.0,89089.3,31.96099
1766724360,89089.3,89153.17,89062.29,89062.3,40.75732
1766724420,89062.29,89082.6,89022.0,89044.86,9.39492
1766724480,89044.86,89051.27,89026.64,89026.65,6.08218
1766724540,89026.65,89079.09,89026.64,89057.84,2.49606
1766724600,89057.84,89057.85,89024.67,89024.68,2.19114
1766724660,89024.68,89050.0,89024.68,89035.49,4.23975
1766724720,89035.5,89056.03,89019.99,89019.99,2.22508
1766724780,89020.0,89035.5,89011.39,89029.75,4.01209
1766724840,89029.74,89058.39,89029.74,89058.39,2.30278
1766724900,89058.39,89058.39,88984.86,88984.86,5.09679
1766724960,88984.86,89018.27,88983.69,88998.37,8.49381
1766725020,88998.36,88998.37,88973.61,88974.12,4.80799
1766725080,88974.12,88983.68,88973.2,88977.0,1.65192
1766725140,88977.0,88981.65,88963.03,88969.24,4.31353
1766725200,88969.24,88984.17,88914.22,88914.22,11.29804
1766725260,88914.22,88999.99,88914.21,88999.99,9.19981
1766725320,89000.0,89004.0,88999.99,89004.0,2.38539
1766725380,89004.0,89014.0,88999.61,88999.62,2.03221
1766725440,88999.62,89000.0,88999.61,88999.99,0.73298
1766725500,89000.0,89009.09,88982.19,88995.01,6.10341
1766725560,88995.01,89001.1,88995.0,89001.1,1.37664
1766725620,89001.1,89008.16,88948.0,88948.0,1.89654
1766725680,88948.0,88951.35,88938.0,88951.34,2.37902
1766725740,88951.34,88954.54,88951.34,88954.53,0.51229
1766725800,88954.54,88954.54,88954.53,88954.53,0.84707
1766725860,88954.54,88974.99,88954.53,88974.98,1.3125
1766725920,88974.98,88974.99,88914.21,88923.48,7.50931
1766725980,88923.48,88986.06,88914.21,88986.06,10.48531
1766726040,88986.05,88986.06,88934.63,88943.07,9.29951
1766726100,88943.07,88943.08,88922.7,88923.94,1.72891
1766726160,88923.94,88923.94,88914.21,88919.98,1.24818
1766726220,88919.99,88919.99,88896.86,88909.99,8.75087
1766726280,88909.99,88910.0,88861.53,88861.53,6.51775
1766726340,88861.54,88877.99,88846.83,88846.84,7.9716
1766726400,88846.83,88876.03,88846.83,88868.99,6.10495
1766726460,88869.0,88876.02,88868.99,88876.01,5.16245
1766726520,88876.01,88876.02,88876.01,88876.01,1.45451
1766726580,88876.01,88930.0,88876.01,88929.99,15.89781
1766726640,88929.99,88930.0,88897.54,88897.54,2.72312
1766726700,88897.55,88916.03,88897.55,88916.03,2.10566
1766726760,88916.03,88916.03,88916.02,88916.02,1.67926
1766726820,88916.03,88916.03,88897.54,88897.54,2.21109
1766726880,88897.55,88897.55,88897.54,88897.54,0.75392
1766726940,88897.54,88915.79,88895.15,88915.78,10.48103
1766727000,88915.78,88915.79,88888.68,88888.69,3.75759
1766727060,88888.69,88899.35,88888.68,88893.1,3.71245
1766727120,88893.1,88893.1,88842.23,88842.24,1.79861
1766727180,88842.23,88887.76,88842.23,88887.76,4.39063
1766727240,88887.75,88887.76,88865.5,88865.5,2.38481
1766727300,88865.51,88887.76,88865.5,88887.75,4.61484
1766727360,88887.76,88887.76,88842.24,88848.01,3.18355
1766727420,88848.01,88860.92,88837.47,88837.47,1.55311
1766727480,88837.47,88854.48,88831.02,88853.23,14.91614
1766727540,88853.24,88862.89,88839.28,88846.0,4.76259
1766727600,88845.99,88846.0,88840.98,88840.99,1.15863
1766727660,88840.99,88846.0,88828.77,88828.78,1.48323
1766727720,88828.77,88828.78,88828.06,88828.07,1.82462
1766727780,88828.07,88868.52,88828.06,88868.51,3.64106
1766727840,88868.51,88868.52,88868.51,88868.51,1.04556
1766727900,88868.52,88868.52,88868.5,88868.5,2.68213
1766727960,88868.5,88950.0,88866.28,88933.72,13.08355
1766728020,88933.71,88933.71,88908.8,88923.28,1.39694
1766728080,88923.29,88950.0,88923.28,88938.83,8.64194
1766728140,88938.83,88938.83,88937.4,88937.4,0.74067
1766728200,88937.41,88937.41,88857.01,88857.01,8.21282
1766728260,88857.02,88889.23,88857.02,88882.64,5.93354
1766728320,88882.64,88888.0,88882.36,88882.36,3.71728
1766728380,88882.37,88926.55,88881.53,88925.8,12.6479
1766728440,88925.81,88925.81,88913.35,88916.39,1.32042
1766728500,88916.39,88981.13,88916.38,88981.13,5.95158
1766728560,88981.12,89007.0,88981.12,89007.0,3.21834
1766728620,89007.0,89045.71,89004.44,89029.89,8.76283
1766728680,89029.9,89042.43,89020.85,89020.85,4.96171
1766728740,89020.85,89020.85,88996.57,88996.58,3.56747
1766728800,88996.58,89030.78,88996.58,89030.77,5.72398
1766728860,89030.78,89042.42,89023.24,89036.93,8.46631
1766728920,89036.93,89081.35,89036.93,89069.94,12.11868
1766728980,89069.94,89069.94,89035.42,89036.31,4.22676
1766729040,89036.3,89054.47,89036.3,89054.46,12.01544
1766729100,89054.46,89054.46,89044.31,89044.32,7.18518
1766729160,89044.32,89067.26,89044.31,89056.41,9.80921
1766729220,89056.41,89056.41,89053.21,89053.22,4.33477
1766729280,89053.22,89053.22,89053.21,89053.21,3.20481
1766729340,89053.22,89053.23,89053.21,89053.22,3.69125
1766729400,89053.23,89065.77,89053.22,89065.77,8.65769
1766729460,89065.76,89065.76,89048.77,89048.77,2.63569
1766729520,89048.77,89136.79,89041.09,89136.78,11.56001
1766729580,89136.78,89161.54,89081.62,89089.35,9.89542
1766729640,89089.35,89096.04,89067.43,89091.08,6.68387
1766729700,89091.09,89150.01,89091.09,89146.55,10.68403
1766729760,89146.56,89146.56,89122.02,89122.03,2.64975
1766729820,89122.02,89152.0,89122.02,89144.85,7.80803
1766729880,89144.85,89144.85,89081.8,89081.8,7.05428
1766729940,89081.8,89116.39,89081.8,89116.39,7.28443
1766730000,89116.39,89116.39,89095.0,89095.01,2.12336
1766730060,89095.01,89107.47,89021.85,89043.37,34.91715
1766730120,89043.36,89101.16,89043.36,89101.16,9.28066
1766730180,89101.16,89116.0,89101.15,89116.0,4.60019
1766730240,89116.0,89116.0,89084.47,89092.95,4.23754
1766730300,89092.96,89092.96,89081.22,89092.33,1.42147
1766730360,89092.33,89092.33,89084.97,89084.97,2.20491
1766730420,89084.98,89084.98,89084.97,89084.97,0.98033
1766730480,89084.97,89094.29,89084.97,89094.29,7.36691
1766730540,89094.29,89094.29,89081.25,89081.26,1.8797
1766730600,89081.26,89094.28,89064.6,89088.7,8.96983
1766730660,89088.69,89098.14,89088.68,89098.13,16.03029
1766730720,89098.12,89098.13,89049.56,89056.54,6.11228
1766730780,89056.53,89078.43,89056.53,89078.43,13.96538
1766730840,89078.42,89094.68,89078.42,89087.34,7.80141
1766730900,89087.33,89087.34,89078.43,89086.27,11.20068
1766730960,89086.28,89086.28,89066.0,89066.01,1.87204
1766731020,89066.01,89068.64,89066.0,89068.64,5.16285
1766731080,89068.64,89111.97,89068.63,89111.97,16.7579
1766731140,89111.97,89147.04,89097.53,89135.42,24.45625
1766731200,89135.42,89212.68,89129.23,89212.67,17.11389
1766731260,89212.67,89221.61,89188.04,89207.48,6.17113
1766731320,89207.48,89230.76,89207.05,89230.75,7.13523
1766731380,89230.76,89230.76,89211.25,89226.77,5.97186
1766731440,89226.77,89250.0,89226.76,89249.99,15.88667
1766731500,89249.99,89250.0,89208.13,89208.14,6.34933
1766731560,89208.14,89208.14,89153.24,89190.9,12.55641
1766731620,89190.89,89190.9,89118.72,89118.72,10.14451
1766731680,89118.72,89168.86,89110.95,89168.85,6.26755
1766731740,89168.86,89168.86,89149.74,89149.74,2.12182
1766731800,89149.75,89165.32,89124.33,89124.34,3.45532
1766731860,89124.33,89140.81,89118.01,89140.81,6.5113
1766731920,89140.8,89140.81,89124.18,89140.8,9.71804
1766731980,89140.8,89154.73,89136.68,89154.73,4.53889
1766732040,89154.72,89154.73,89144.33,89144.33,3.85202
1766732100,89144.33,89156.26,89140.68,89149.01,5.0292
1766732160,89149.0,89172.58,89149.0,89172.57,11.29593
1766732220,89172.57,89227.97,89172.57,89217.83,9.69802
1766732280,89217.84,89217.84,89187.48,89194.0,10.80593
1766732340,89194.0,89194.0,89124.23,89124.24,31.1212
1766732400,89124.24,89138.53,89124.23,89138.52,8.5787
1766732460,89138.52,89186.74,89138.52,89172.38,5.16853
1766732520,89172.37,89172.38,89155.01,89155.01,1.74789
1766732580,89155.02,89170.1,89155.01,89170.1,4.25947
1766732640,89170.09,89170.1,89157.5,89157.5,0.80658
1766732700,89157.51,89188.38,89157.5,89188.38,2.33134
1766732760,89188.37,89198.18,89188.37,89193.35,2.37511
1766732820,89193.35,89193.36,89188.37,89193.35,14.63208
1766732880,89193.35,89193.37,89193.0,89193.0,1.69623
1766732940,89193.01,89193.01,89193.0,89193.0,1.2392
1766733000,89193.0,89200.0,89191.44,89191.44,8.04281
1766733060,89191.45,89200.0,89187.76,89199.99,6.26622
1766733120,89200.0,89267.06,89182.66,89267.06,19.82303
1766733180,89267.06,89380.0,89257.54,89366.5,24.85142
1766733240,89366.51,89376.61,89353.82,89361.78,6.66878
1766733300,89361.77,89400.0,89277.72,89288.01,14.86546
1766733360,89288.27,89400.0,89285.8,89345.82,42.98089
1766733420,89345.81,89383.14,89345.81,89376.86,13.75188
1766733480,89376.87,89400.0,89356.74,89400.0,19.83752
1766733540,89400.0,89400.0,89368.14,89380.29,4.51168
1766733600,89380.29,89380.29,89318.0,89318.01,9.32169
1766733660,89318.01,89364.05,89318.01,89364.04,9.6027
1766733720,89364.05,89384.66,89364.05,89384.66,4.02606
1766733780,89384.66,89520.0,89384.65,89507.09,156.95327
1766733840,89507.08,89518.14,89473.2,89474.8,13.34871
1766733900,89474.79,89567.75,89462.04,89479.99,32.79389
1766733960,89479.99,89498.64,89417.34,89448.43,12.26857
1766734020,89448.43,89498.62,89448.43,89465.57,8.34193
1766734080,89465.58,89465.58,89424.48,89424.48,5.21344
1766734140,89424.48,89426.44,89422.18,89422.18,6.28038
1766734200,89422.18,89422.18,89315.26,89318.76,13.22182
1766734260,89318.76,89353.04,89259.13,89259.14,22.9
1766734320,89259.13,89263.6,89199.99,89200.0,37.00385
1766734380,89200.0,89210.0,89167.27,89179.72,30.58429
1766734440,89179.73,89210.01,89171.21,89171.21,30.2006
1766734500,89171.22,89218.01,89153.95,89153.95,29.45366
1766734560,89153.95,89153.96,89036.2,89048.1,55.45732
1766734620,89048.11,89048.11,88989.43,88992.91,32.90344
1766734680,88992.92,89017.76,88972.39,88988.15,37.83556
1766734740,88988.15,88988.15,88829.88,88878.46,155.00958
1766734800,88878.46,88985.29,88878.45,88887.49,52.15907
1766734860,88887.49,88887.5,88833.77,88847.66,39.63146
1766734920,88847.67,88883.43,88839.3,88876.15,41.78072
1766734980,88876.16,88876.16,88807.8,88828.91,46.6486
1766735040,88828.92,88828.92,88763.74,88772.78,47.09689
1766735100,88772.78,88808.96,88759.52,88790.88,36.36866
1766735160,88790.89,88790.89,88710.7,88733.24,47.33877
1766735220,88733.24,88788.24,88690.82,88690.83,50.03046
1766735280,88690.83,88719.38,88690.83,88696.27,41.40059
1766735340,88696.27,88711.87,88617.43,88623.6,53.21962
1766735400,88623.61,88626.9,88604.12,88610.35,45.55911
1766735460,88610.36,88623.61,88600.0,88612.96,44.74525
1766735520,88612.96,88612.97,88599.03,88609.78,36.95725
1766735580,88609.77,88609.78,88576.6,88587.31,54.52591
1766735640,88587.31,88587.31,88541.71,88556.9,52.88204
1766735700,88556.91,88568.4,88539.98,88539.98,30.78487
1766735760,88539.99,88539.99,88453.83,88453.83,51.4617
1766735820,88453.84,88494.9,88347.45,88462.02,55.33596
1766735880,88462.01,88464.42,88422.0,88449.42,30.00433
1766735940,88449.42,88476.95,88432.36,88470.75,34.15219
1766736000,88470.75,88626.73,88414.81,88616.56,26.09784
1766736060,88616.55,88647.6,88580.0,88635.23,17.95324
1766736120,88635.22,88690.53,88629.03,88683.57,14.44873
1766736180,88683.57,88800.0,88664.01,88773.56,29.46666
1766736240,88773.57,88886.0,88690.52,88690.53,29.02281
1766736300,88690.53,88757.12,88659.96,88757.11,27.81507
1766736360,88757.11,88757.11,88643.87,88649.81,16.79654
1766736420,88649.81,88706.45,88649.81,88703.03,9.63641
1766736480,88703.03,88707.79,88661.53,88670.98,11.66595
1766736540,88670.97,88670.97,88585.71,88606.09,14.25736
1766736600,88606.09,88606.1,88502.52,88502.53,8.71461
1766736660,88502.53,88547.64,88502.53,88547.48,7.41416
1766736720,88547.48,88594.31,88528.2,88594.3,9.32118
1766736780,88594.31,88642.0,88594.31,88610.01,4.56778
1766736840,88610.0,88664.54,88610.0,88662.35,2.77646
1766736900,88662.35,88719.6,88662.35,88710.72,8.62154
1766736960,88710.72,88710.73,88692.74,88692.74,4.90686
1766737020,88692.75,88692.75,88634.0,88636.51,16.48082
1766737080,88636.06,88658.1,88628.27,88643.35,5.83141
1766737140,88643.35,88646.4,88626.0,88640.11,4.80245
1766737200,88640.12,88648.01,88618.61,88648.01,4.66703
1766737260,88648.0,88678.84,88648.0,88678.83,2.81815
1766737320,88678.83,88759.85,88678.83,88759.84,12.55356
1766737380,88759.85,88759.85,88716.72,88716.73,4.90138
1766737440,88716.72,88782.0,88716.72,88755.12,18.48708
1766737500,88755.12,88755.13,88716.04,88716.05,5.46321
1766737560,88716.05,88738.0,88702.0,88706.0,3.0251
1766737620,88706.01,88719.35,88692.74,88719.34,4.489
1766737680,88719.34,88781.76,88697.37,88738.0,6.23021
1766737740,88738.0,88738.01,88725.5,88725.5,2.70952
1766737800,88725.5,88725.51,88693.52,88693.53,3.35355
1766737860,88693.52,88693.53,88588.29,88606.12,7.95741
1766737920,88606.12,88669.72,88592.73,88669.71,6.2867
1766737980,88669.72,88679.52,88662.93,88679.52,3.84016
1766738040,88679.51,88682.05,88646.05,88682.05,3.10478
1766738100,88682.04,88682.05,88644.0,88678.01,4.60064
1766738160,88678.01,88678.01,88625.12,88625.13,4.07832
1766738220,88625.13,88665.8,88625.12,88665.79,1.64548
1766738280,88665.8,88670.0,88660.0,88669.99,2.15155
1766738340,88670.0,88670.0,88614.16,88619.11,2.77881
1766738400,88619.11,88627.53,88600.0,88600.01,6.52375
1766738460,88600.01,88600.01,88564.78,88586.78,6.10428
1766738520,88586.78,88630.55,88586.77,88630.54,2.25981
1766738580,88630.54,88636.0,88630.54,88634.77,2.36208
1766738640,88634.77,88634.77,88634.75,88634.75,3.56638
1766738700,88634.76,88634.76,88597.23,88597.23,2.82897
1766738760,88597.24,88629.38,88597.23,88629.38,1.98193
1766738820,88629.37,88646.0,88616.97,88646.0,2.60187
1766738880,88645.99,88675.56,88645.99,88675.55,0.8461
1766738940,88675.55,88706.59,88675.55,88692.74,6.0073
1766739000,88692.75,88719.36,88692.74,88719.35,1.77201
1766739060,88719.35,88724.64,88719.35,88723.46,7.00202
1766739120,88723.38,88723.38,88699.56,88699.57,3.89997
1766739180,88699.56,88699.63,88692.74,88692.74,4.02714
1766739240,88692.74,88742.0,88692.74,88741.99,4.41958
1766739300,88742.0,88742.0,88718.61,88718.62,2.36133
1766739360,88718.62,88746.0,88718.6,88745.79,3.37253
1766739420,88745.8,88745.8,88741.59,88741.6,2.95944
1766739480,88741.59,88741.6,88718.46,88736.98,3.69266
1766739540,88736.99,88748.11,88731.55,88742.28,5.53165
1766739600,88742.28,88746.6,88731.74,88744.6,2.802
1766739660,88744.61,88771.23,88744.6,88766.8,5.9547
1766739720,88766.8,88786.0,88752.97,88752.98,3.44621
1766739780,88752.97,88752.98,88744.64,88744.65,2.43418
1766739840,88744.65,88744.65,88735.78,88735.79,2.7437
1766739900,88735.78,88751.26,88735.78,88747.8,8.7705
1766739960,88747.79,88747.79,88716.91,88716.91,1.51506
1766740020,88716.92,88716.92,88649.63,88654.2,5.17181
1766740080,88654.21,88684.57,88654.21,88684.57,3.07986
1766740140,88684.56,88707.16,88684.56,88696.42,2.84599
1766740200,88696.43,88696.43,88667.14,88667.15,3.77211
1766740260,88667.14,88692.61,88667.14,88684.79,6.13844
1766740320,88684.78,88684.79,88675.92,88675.93,2.32012
1766740380,88675.92,88683.83,88670.45,88682.49,5.11018
1766740440,88682.5,88682.5,88682.49,88682.49,3.40337
1766740500,88682.49,88696.26,88682.49,88692.75,2.18641
1766740560,88692.75,88692.75,88692.74,88692.75,1.44307
1766740620,88692.74,88692.75,88690.52,88690.53,2.5422
1766740680,88690.52,88710.11,88690.52,88710.1,4.25663
1766740740,88710.09,88710.1,88690.52,88690.52,4.8774
1766740800,88690.52,88758.14,88688.65,88758.13,5.19284
1766740860,88758.13,88792.75,88758.13,88792.74,9.96202
1766740920,88792.74,88824.57,88792.74,88824.2,20.76327
1766740980,88824.2,88863.02,88808.27,88811.98,7.32108
1766741040,88811.97,88811.98,88750.0,88759.06,28.877
1766741100,88759.07,88759.07,88698.0,88706.72,39.85002
1766741160,88706.72,88749.19,88701.85,88749.19,13.37416
1766741220,88749.18,88749.19,88744.02,88744.02,1.60512
1766741280,88744.03,88744.03,88744.02,88744.02,0.94883
1766741340,88744.02,88744.03,88744.02,88744.02,0.46002
1766741400,88744.02,88744.03,88730.24,88730.25,1.23874
1766741460,88730.24,88730.24,88722.43,88722.44,1.31622
1766741520,88722.44,88742.3,88722.43,88742.29,4.80122
1766741580,88742.3,88751.11,88737.62,88737.63,2.33712
1766741640,88737.63,88769.54,88737.62,88769.53,1.28063
1766741700,88769.53,88769.53,88750.74,88759.33,4.0923
1766741760,88759.34,88759.35,88759.33,88759.35,1.88696
1766741820,88759.34,88772.15,88759.34,88761.49,6.49034
1766741880,88761.5,88761.5,88761.49,88761.49,1.19743
1766741940,88761.5,88761.5,88750.68,88750.68,2.05614
1766742000,88750.69,88769.2,88750.68,88769.2,7.02619
1766742060,88769.2,88769.2,88769.19,88769.19,1.08412
1766742120,88769.19,88769.2,88769.19,88769.19,3.50817
1766742180,88769.19,88769.2,88769.19,88769.19,4.13729
1766742240,88769.19,88769.2,88769.19,88769.19,3.23142
1766742300,88769.19,88769.21,88769.19,88769.21,4.61001
1766742360,88769.21,88827.07,88769.2,88796.37,12.29317
1766742420,88796.38,88796.38,88785.72,88795.19,3.40336
1766742480,88795.19,88834.76,88786.2,88834.76,12.62912
1766742540,88834.76,88888.0,88834.76,88879.45,5.55865
1766742600,88879.45,88888.0,88867.63,88867.63,6.38733
1766742660,88867.63,88918.59,88867.63,88878.92,36.39164
1766742720,88878.92,88878.93,88854.03,88854.04,6.56537
1766742780,88854.04,88854.04,88852.73,88852.73,2.66767
1766742840,88852.73,88852.74,88846.9,88846.91,2.8202
1766742900,88846.9,88846.91,88831.04,88831.04,4.93733
1766742960,88831.05,88836.22,88831.04,88836.22,6.06184
1766743020,88836.21,88847.59,88836.21,88847.58,3.9908
1766743080,88847.59,88847.59,88786.62,88786.62,5.17444
1766743140,88786.63,88811.77,88786.62,88811.76,1.0051
1766743200,88811.77,88841.59,88811.76,88822.55,7.7328
1766743260,88822.54,88844.22,88822.54,88843.67,2.41262
1766743320,88843.67,88844.05,88818.54,88818.55,1.69496
1766743380,88818.55,88828.59,88818.54,88828.59,0.89774
1766743440,88828.59,88828.59,88804.62,88811.13,9.4625
1766743500,88811.14,88843.21,88811.13,88838.64,6.28469
1766743560,88838.63,88838.64,88832.0,88832.01,0.78932
1766743620,88832.01,88832.01,88755.29,88771.96,5.03987
1766743680,88771.95,88792.68,88771.95,88792.67,2.24452
1766743740,88792.68,88792.68,88759.43,88792.67,10.21854
1766743800,88792.67,88799.4,88792.67,88799.4,2.56124
1766743860,88799.39,88835.65,88785.34,88835.65,6.24635
1766743920,88835.64,88882.01,88826.47,88882.01,3.6573
1766743980,88882.0,88882.01,88872.57,88872.58,1.82983
1766744040,88872.57,88872.58,88872.57,88872.57,2.52026
1766744100,88872.57,88872.58,88826.49,88830.93,5.58518
1766744160,88830.94,88830.94,88792.0,88792.0,7.47105
1766744220,88792.0,88792.01,88773.81,88773.81,1.87131
1766744280,88773.82,88773.82,88750.68,88750.68,3.85117
1766744340,88750.68,88750.69,88716.75,88750.69,5.35345
1766744400,88750.68,88750.69,88735.56,88735.56,5.51578
1766744460,88735.56,88735.57,88720.0,88720.01,2.24177
1766744520,88720.01,88720.01,88690.52,88690.52,4.48582
1766744580,88690.52,88695.03,88690.52,88695.03,2.91867
1766744640,88695.02,88707.03,88695.02,88707.03,2.79503
1766744700,88707.02,88756.68,88707.02,88756.68,2.75888
1766744760,88756.68,88785.6,88756.67,88765.66,7.50283
1766744820,88765.66,88782.34,88760.87,88782.33,2.21859
1766744880,88782.33,88813.41,88782.33,88813.41,2.69667
1766744940,88813.4,88850.0,88813.4,88820.93,8.3395
1766745000,88820.93,88820.93,88760.33,88760.33,5.47365
1766745060,88760.34,88760.34,88741.76,88741.76,5.41649
1766745120,88741.76,88741.76,88710.61,88710.62,3.14162
1766745180,88710.61,88710.62,88692.74,88692.74,2.0472
1766745240,88692.75,88696.72,88692.74,88696.72,1.41069
1766745300,88696.72,88708.04,88692.74,88708.03,3.81565
1766745360,88708.03,88708.04,88692.74,88692.75,2.56244
1766745420,88692.75,88692.75,88689.69,88689.69,2.92563
1766745480,88689.69,88689.7,88684.71,88684.72,3.29539
1766745540,88684.71,88700.0,88684.71,88699.99,2.87041
1766745600,88699.99,88700.0,88682.47,88682.47,4.74434
1766745660,88682.47,88682.48,88682.47,88682.48,1.77863
1766745720,88682.47,88741.74,88680.0,88741.73,4.20532
1766745780,88741.73,88746.64,88719.73,88746.64,2.8665
1766745840,88746.63,88787.98,88746.63,88748.24,4.96428
1766745900,88748.23,88808.21,88748.23,88808.2,9.03711
1766745960,88808.21,88860.0,88795.76,88859.99,3.71174
1766746020,88860.0,88860.0,88824.0,88826.72,7.56207
1766746080,88826.71,88835.65,88826.71,88835.65,2.50585
1766746140,88835.64,88835.65,88835.64,88835.64,2.57736
1766746200,88835.65,88835.65,88780.39,88780.39,4.45175
1766746260,88780.4,88797.76,88780.39,88797.76,2.24412
1766746320,88797.76,88797.76,88797.75,88797.75,1.78514
1766746380,88797.75,88797.76,88788.44,88795.25,9.93547
1766746440,88795.25,88812.75,88780.0,88806.4,3.47322
1766746500,88806.39,88806.4,88780.0,88780.01,2.52355
1766746560,88780.01,88804.66,88780.0,88804.65,2.96954
1766746620,88804.66,88804.66,88753.87,88754.68,6.73592
1766746680,88754.69,88754.69,88740.6,88740.6,2.59469
1766746740,88740.6,88748.35,88738.73,88748.34,2.23372
1766746800,88748.35,88748.35,88732.49,88732.5,2.01708
1766746860,88732.5,88732.5,88710.7,88710.71,1.86992
1766746920,88710.7,88724.33,88702.18,88713.02,4.84572
1766746980,88713.02,88724.33,88708.62,88708.63,3.31337
1766747040,88708.63,88708.63,88699.54,88699.54,8.83492
1766747100,88699.55,88705.75,88692.74,88703.1,3.1569
1766747160,88703.1,88737.98,88692.74,88737.98,3.50784
1766747220,88737.97,88740.0,88737.97,88739.99,1.70885
1766747280,88740.0,88754.69,88739.98,88754.69,2.51905
1766747340,88754.68,88754.69,88711.43,88711.44,4.65067
1766747400,88711.43,88711.43,88666.73,88698.63,4.18648
1766747460,88698.63,88698.63,88684.49,88692.75,7.30384
1766747520,88692.74,88692.75,88661.0,88684.22,4.85468
1766747580,88684.22,88684.23,88667.43,88667.44,2.20393
1766747640,88667.44,88674.62,88667.43,88674.62,2.39488
1766747700,88674.61,88674.62,88667.01,88667.02,2.28375
1766747760,88667.01,88667.02,88654.11,88654.12,3.8759
1766747820,88654.11,88668.93,88650.28,88668.93,3.65496
1766747880,88668.93,88668.93,88668.92,88668.93,3.94797
1766747940,88668.92,88683.48,88660.02,88683.47,3.01882
1766748000,88683.48,88683.48,88680.41,88680.42,1.67628
1766748060,88680.42,88685.99,88673.21,88674.02,3.60343
1766748120,88674.01,88674.02,88610.74,88610.74,6.03173
1766748180,88610.75,88610.75,88610.74,88610.75,1.27579
1766748240,88610.75,88640.01,88610.74,88640.0,1.94165
1766748300,88640.0,88640.01,88631.41,88631.42,1.77998
1766748360,88631.42,88631.42,88604.75,88617.63,4.16601
1766748420,88617.62,88631.38,88617.62,88631.38,0.95277
1766748480,88631.37,88631.38,88631.37,88631.37,0.83147
1766748540,88631.38,88631.38,88603.54,88603.55,3.08712
1766748600,88603.54,88629.26,88603.54,88629.25,2.3079
1766748660,88629.25,88629.26,88600.35,88600.36,1.92405
1766748720,88600.35,88647.83,88600.35,88647.83,2.24029
1766748780,88647.83,88660.0,88608.13,88616.61,3.33388
1766748840,88616.61,88616.61,88592.73,88603.07,2.99435
1766748900,88603.07,88603.08,88551.67,88552.67,4.32768
1766748960,88552.68,88590.0,88552.68,88590.0,1.93551
1766749020,88589.99,88605.0,88588.28,88605.0,6.09918
1766749080,88604.99,88611.61,88592.73,88592.73,2.91028
1766749140,88592.74,88626.0,88592.73,88607.39,4.04142
1766749200,88607.39,88615.71,88607.38,88615.7,1.13351
1766749260,88615.71,88615.71,88561.24,88562.4,8.12246
1766749320,88562.39,88585.58,88562.39,88585.57,1.35645
1766749380,88585.58,88585.58,88585.57,88585.58,2.00505
1766749440,88585.58,88596.9,88585.57,88596.89,1.45548
1766749500,88596.9,88596.9,88588.29,88588.29,2.26423
1766749560,88588.29,88588.29,88559.79,88559.8,2.21734
1766749620,88559.79,88563.67,88532.0,88563.67,4.24906
1766749680,88563.67,88563.67,88558.84,88558.85,2.34303
1766749740,88558.85,88558.85,88552.62,88552.62,1.08456
1766749800,88552.63,88611.73,88552.62,88601.1,2.64764
1766749860,88601.1,88601.1,88569.82,88569.82,4.47615
1766749920,88569.83,88578.74,88569.82,88578.74,3.91589
1766749980,88578.73,88578.74,88561.05,88578.74,3.20115
1766750040,88578.74,88578.74,88572.54,88575.02,1.72364
1766750100,88575.02,88582.7,88575.02,88579.6,0.97793
1766750160,88579.61,88579.61,88579.6,88579.6,0.41133
1766750220,88579.61,88591.31,88577.4,88577.4,5.39728
1766750280,88577.4,88577.41,88544.91,88544.91,8.75129
1766750340,88544.91,88544.92,88533.42,88533.42,2.71505
1766750400,88533.43,88601.23,88533.42,88586.29,9.41827
1766750460,88586.28,88611.11,88586.28,88611.1,2.6746
1766750520,88611.1,88621.49,88565.98,88575.02,3.876
1766750580,88575.03,88631.28,88575.02,88631.28,3.14245
1766750640,88631.28,88648.01,88614.53,88648.01,10.018
1766750700,88648.01,88673.61,88614.53,88614.53,5.27508
1766750760,88614.53,88653.33,88614.53,88640.21,3.14212
1766750820,88640.21,88640.22,88627.81,88627.82,0.64735
1766750880,88627.82,88627.82,88614.53,88622.09,2.92195
1766750940,88622.09,88626.74,88612.31,88612.32,5.51564
1766751000,88612.32,88636.09,88612.31,88636.08,0.76399
1766751060,88636.08,88663.28,88636.08,88663.27,2.25271
1766751120,88663.28,88726.59,88644.84,88699.99,21.66912
1766751180,88699.99,88699.99,88692.74,88692.75,0.95077
1766751240,88692.74,88692.75,88690.52,88690.52,1.64214
1766751300,88690.52,88690.53,88648.13,88648.14,2.14764
1766751360,88648.14,88648.14,88648.13,88648.13,1.32903
1766751420,88648.13,88648.14,88648.13,88648.14,1.13889
1766751480,88648.13,88692.46,88648.13,88690.49,3.19342
1766751540,88690.49,88693.12,88638.72,88638.72,3.29876
1766751600,88638.72,88638.73,88622.81,88622.82,2.00975
1766751660,88622.82,88644.5,88622.81,88644.5,0.81922
1766751720,88644.49,88657.67,88640.5,88657.66,2.08786
1766751780,88657.67,88678.42,88657.66,88678.42,1.91923
1766751840,88678.41,88678.42,88673.46,88673.46,1.20457
1766751900,88673.47,88680.4,88664.26,88680.4,1.17321
1766751960,88680.39,88700.0,88680.39,88700.0,0.68479
1766752020,88699.99,88702.29,88690.52,88690.53,4.38616
1766752080,88690.53,88702.3,88690.53,88702.29,1.17375
1766752140,88702.29,88702.3,88702.29,88702.3,1.6175
1766752200,88702.29,88702.3,88692.74,88692.75,2.25597
1766752260,88692.75,88692.75,88666.92,88666.93,2.00721
1766752320,88666.92,88690.79,88663.99,88690.78,6.49361
1766752380,88690.78,88690.79,88664.97,88664.98,3.13878
1766752440,88664.97,88689.23,88664.96,88689.23,7.45508
1766752500,88689.23,88689.23,88679.68,88679.69,11.64996
1766752560,88679.68,88679.69,88656.79,88656.8,11.43034
1766752620,88656.8,88665.06,88644.5,88655.18,13.8713
1766752680,88655.19,88680.17,88644.5,88680.16,13.56851
1766752740,88680.17,88720.0,88675.59,88715.5,13.38234
1766752800,88715.49,88750.94,88715.49,88732.27,16.02708
1766752860,88732.28,88747.99,88732.27,88747.98,15.33265
1766752920,88747.99,88761.45,88744.5,88744.5,17.87139
1766752980,88744.5,88748.01,88737.58,88737.59,12.10662
1766753040,88737.58,88747.86,88737.2,88737.2,13.25966
1766753100,88737.2,88756.18,88737.2,88739.63,13.4115
1766753160,88739.63,88751.02,88728.59,88728.59,13.73441
1766753220,88728.6,88756.02,88718.58,88718.58,13.88629
1766753280,88718.58,88720.77,88713.99,88714.01,6.9214
1766753340,88714.01,88722.29,88692.74,88722.28,3.81047
1766753400,88722.28,88722.29,88690.51,88690.52,3.45071
1766753460,88690.52,88706.04,88690.51,88706.04,3.14128
1766753520,88706.03,88711.6,88692.74,88692.74,2.28366
1766753580,88692.74,88711.03,88692.74,88711.03,3.55139
1766753640,88711.03,88711.03,88699.97,88699.97,2.67347
1766753700,88699.98,88699.98,88699.97,88699.97,3.41181
1766753760,88699.98,88699.98,88692.74,88692.74,0.76563
1766753820,88692.74,88692.75,88664.13,88675.56,3.47242
1766753880,88675.56,88689.36,88675.55,88689.36,1.07249
1766753940,88689.35,88689.36,88678.89,88678.9,0.83049
1766754000,88678.89,88678.9,88678.89,88678.9,0.52302
1766754060,88678.89,88678.9,88664.25,88664.26,2.65122
1766754120,88664.26,88664.26,88624.78,88624.78,3.22542
1766754180,88624.78,88688.64,88618.14,88688.6,6.81397
1766754240,88688.6,88715.21,88688.6,88702.07,3.15384
1766754300,88702.06,88715.14,88692.74,88703.39,2.53841
1766754360,88703.39,88718.79,88703.39,88718.78,1.30927
1766754420,88718.78,88739.24,88714.77,88739.23,6.12585
1766754480,88739.23,88739.23,88723.95,88723.95,6.42116
1766754540,88723.95,88758.0,88723.95,88757.99,2.02871
1766754600,88758.0,88777.19,88757.99,88774.11,3.40195
1766754660,88774.11,88792.75,88774.11,88792.74,6.14765
1766754720,88792.75,88824.27,88792.74,88813.64,11.06498
1766754780,88813.64,88827.5,88810.13,88827.5,4.7627
1766754840,88827.5,88833.7,88827.49,88833.7,1.89158
1766754900,88833.7,88833.7,88807.67,88807.67,5.17653
1766754960,88807.67,88839.0,88807.67,88838.99,5.39523
1766755020,88838.99,88839.0,88830.99,88830.99,3.80381
1766755080,88830.99,88838.6,88830.99,88838.59,3.86992
1766755140,88838.6,88838.6,88836.0,88836.01,6.68963
1766755200,88836.0,88836.01,88791.12,88791.13,3.29569
1766755260,88791.12,88791.13,88777.23,88777.23,2.84082
1766755320,88777.23,88777.24,88756.2,88759.99,7.39963
1766755380,88759.99,88783.44,88759.99,88771.44,5.39348
1766755440,88771.45,88811.36,88771.44,88803.34,4.79713
1766755500,88803.34,88803.34,88803.0,88803.0,1.73449
1766755560,88803.01,88803.01,88803.0,88803.01,0.53101
1766755620,88803.01,88803.01,88803.0,88803.0,2.67139
1766755680,88803.0,88803.01,88777.4,88777.41,2.29405
1766755740,88777.4,88777.41,88760.0,88770.66,1.98564
1766755800,88770.66,88800.0,88768.87,88768.87,6.05093
1766755860,88768.88,88768.88,88763.44,88763.44,2.22402
1766755920,88763.45,88789.08,88763.44,88789.08,2.59909
1766755980,88789.07,88820.0,88789.07,88820.0,3.02345
1766756040,88819.99,88839.34,88819.99,88839.34,2.90608
1766756100,88839.33,88839.34,88839.33,88839.34,0.71992
1766756160,88839.33,88845.59,88828.86,88828.87,5.28771
1766756220,88828.87,88828.88,88828.86,88828.87,5.78149
1766756280,88828.88,88900.0,88828.87,88889.33,6.45431
1766756340,88889.32,88960.0,88889.32,88953.79,38.75852
1766756400,88953.78,89019.39,88933.14,88995.36,32.04245
1766756460,88995.36,89031.23,88971.31,88997.62,19.87549
1766756520,88997.62,88997.63,88927.98,88966.63,17.4964
1766756580,88966.63,88978.68,88915.36,88918.7,5.85804
1766756640,88918.7,88918.7,88918.1,88918.1,3.25691
1766756700,88918.11,88964.97,88905.33,88964.97,12.12753
1766756760,88964.96,88964.97,88922.25,88935.51,3.58625
1766756820,88935.52,88974.63,88932.06,88974.63,3.985
1766756880,88974.62,89024.03,88974.62,89024.03,4.06929
1766756940,89024.03,89050.0,89023.65,89023.65,6.89139
1766757000,89023.65,89044.7,89023.65,89023.65,3.29944
1766757060,89023.65,89023.66,88964.62,88964.62,19.10119
1766757120,88964.62,88970.86,88962.51,88970.86,3.01501
1766757180,88970.86,89011.89,88970.85,89011.88,3.83118
1766757240,89011.88,89022.0,89002.99,89002.99,6.52163
1766757300,89002.99,89021.29,88991.31,89021.29,4.13754
1766757360,89021.28,89026.0,89021.28,89026.0,1.16448
1766757420,89025.99,89026.0,89021.59,89021.6,4.05835
1766757480,89021.6,89040.09,89009.34,89034.88,8.33331
1766757540,89034.89,89034.89,88992.87,88992.88,4.42329
1766757600,88992.88,89009.91,88907.18,88928.08,16.80451
1766757660,88928.08,88928.09,88905.0,88912.21,4.73553
1766757720,88912.22,88942.28,88912.21,88925.83,8.70554
1766757780,88925.82,88989.28,88925.82,88989.28,5.91723
1766757840,88989.27,89030.62,88989.27,89030.61,4.01705
1766757900,89030.61,89030.62,88978.0,88978.02,4.96646
1766757960,88978.02,89024.0,88978.01,89024.0,4.55707
1766758020,89023.99,89049.88,89002.85,89002.85,5.50788
1766758080,89002.85,89016.13,88995.96,89016.13,9.96792
1766758140,89016.13,89016.13,88919.94,88926.16,5.077
1766758200,88926.17,88953.87,88926.16,88953.87,1.19333
1766758260,88953.87,88973.63,88945.12,88973.63,4.41835
1766758320,88973.63,88973.63,88957.61,88963.85,4.77407
1766758380,88963.84,88963.85,88928.15,88928.15,8.35647
1766758440,88928.16,88951.6,88928.16,88951.59,2.34619
1766758500,88951.6,88951.6,88939.38,88939.39,1.13597
1766758560,88939.39,88939.93,88924.89,88939.92,13.85257
1766758620,88939.93,88993.29,88939.92,88993.28,7.68743
1766758680,88993.28,88993.29,88966.19,88970.11,3.01519
1766758740,88970.11,88977.29,88970.1,88977.29,1.99469
1766758800,88977.28,88991.78,88977.28,88991.77,5.67857
1766758860,88991.78,88991.78,88991.77,88991.77,0.9823
1766758920,88991.77,88998.02,88985.55,88998.01,6.21258
1766758980,88998.01,89011.17,88967.11,89011.16,8.32486
1766759040,89011.17,89011.91,88995.39,89011.89,11.18837
1766759100,89011.89,89011.89,88993.12,89010.99,12.37359
1766759160,89010.99,89011.0,88980.0,88992.79,2.77586
1766759220,88992.8,88992.8,88981.46,88992.79,9.33058
1766759280,88992.79,88992.8,88967.91,88967.92,10.4832
1766759340,88967.92,88967.93,88954.52,88967.93,7.83454
1766759400,88967.93,89003.61,88824.82,88874.04,67.21604
1766759460,88874.04,88955.88,88801.72,88896.51,19.67142
1766759520,88896.52,89049.86,88896.52,88984.52,22.37602
1766759580,88984.52,88984.53,88826.87,88875.99,14.87169
1766759640,88876.0,88933.24,88804.24,88822.02,9.23752
1766759700,88822.01,88911.23,88686.78,88911.23,26.54294
1766759760,88911.22,88911.22,88744.03,88750.01,11.63476
1766759820,88750.0,88781.37,88665.97,88775.67,46.56911
1766759880,88775.67,88796.0,88710.0,88717.47,8.36722
1766759940,88717.47,88717.47,88555.0,88564.0,18.88157
1766760000,88563.99,88645.49,88494.98,88560.58,34.73511
1766760060,88560.58,88581.32,88494.98,88520.02,24.76401
1766760120,88520.02,88541.72,88357.78,88386.0,44.12186
1766760180,88386.0,88473.34,88274.9,88446.79,37.59367
1766760240,88446.79,88475.59,88364.0,88405.94,18.60314
1766760300,88405.93,88424.18,88268.17,88374.96,24.82658
1766760360,88374.95,88440.0,88327.17,88395.7,14.18773
1766760420,88395.7,88395.7,88325.02,88386.91,18.93097
1766760480,88386.95,88414.23,88053.96,88080.0,126.49793
1766760540,88080.0,88095.86,87926.16,88006.61,167.83467
1766760600,88007.43,88023.34,87616.18,87656.59,166.1994
1766760660,87656.6,87831.86,87614.79,87745.46,63.88711
1766760720,87745.45,87857.32,87725.92,87837.57,51.84163
1766760780,87837.56,87931.57,87722.97,87730.97,72.23604
1766760840,87730.97,87822.9,87592.12,87592.13,66.29297
1766760900,87592.12,87592.13,87403.24,87414.11,116.054
1766760960,87414.12,87483.52,87345.88,87420.1,73.52408
1766761020,87420.1,87534.93,87415.03,87532.81,55.03603
1766761080,87532.81,87574.82,87398.65,87402.98,56.53333
1766761140,87402.97,87449.5,87371.86,87380.43,55.48044
1766761200,87380.44,87381.0,87073.8,87130.89,149.29732
1766761260,87130.89,87130.89,86971.81,87009.65,171.34333
1766761320,87009.66,87060.0,86932.44,86942.94,75.63471
1766761380,86942.94,87120.0,86937.38,87009.57,65.98505
1766761440,87009.57,87319.71,86954.76,87246.0,71.39444
1766761500,87246.0,87261.84,86952.61,87069.59,81.65384
1766761560,87069.6,87235.0,87012.0,87019.79,50.31479
1766761620,87019.79,87171.79,87019.79,87069.05,50.7973
1766761680,87069.05,87117.48,86991.22,87021.35,44.69429
1766761740,87021.34,87075.44,86952.61,87075.43,47.93476
1766761800,87075.43,87075.43,86789.0,86949.65,110.23692
1766761860,86949.64,86949.64,86798.0,86884.3,63.28905
1766761920,86886.65,86975.51,86819.56,86906.84,57.83741
1766761980,86906.84,86940.91,86837.05,86913.43,61.39427
1766762040,86913.42,86916.31,86771.13,86776.13,67.9706
1766762100,86776.12,86860.0,86664.43,86699.12,108.44185
1766762160,86699.12,86757.09,86655.08,86720.0,77.04962
1766762220,86720.0,86952.62,86708.42,86916.97,81.89991
1766762280,86916.96,87028.01,86874.0,86982.86,72.68373
1766762340,86982.86,87020.37,86881.13,86908.69,62.99187
1766762400,86908.7,86992.63,86731.58,86918.96,53.09806
1766762460,86918.96,87017.99,86892.61,86980.0,77.43579
1766762520,86980.0,87013.48,86850.38,87013.48,63.45857
1766762580,87013.48,87047.96,86985.18,87029.38,55.66087
1766762640,87029.39,87119.07,86985.19,87016.0,86.0192
1766762700,87015.99,87015.99,86850.38,86866.52,49.23045
1766762760,86866.51,86913.11,86821.91,86822.06,73.80742
1766762820,86822.06,86944.84,86822.05,86899.27,54.29997
1766762880,86899.28,86992.63,86880.0,86954.26,53.02112
1766762940,86954.26,87021.33,86892.61,87007.97,46.49511
1766763000,87007.97,87032.13,86915.81,87032.13,68.28082
1766763060,87032.14,87157.08,87012.56,87114.6,70.53964
1766763120,87114.61,87165.8,87046.81,87069.43,69.37047
1766763180,87069.43,87150.0,87047.71,87142.92,55.58456
1766763240,87142.92,87157.08,87103.29,87141.47,50.87035
1766763300,87141.47,87157.08,86986.78,87007.87,101.39076
1766763360,87007.87,87046.32,86992.63,87001.59,57.88776
1766763420,87001.59,87074.28,87001.59,87056.17,49.95902
1766763480,87056.16,87057.73,87017.44,87025.01,56.19358
1766763540,87025.0,87131.6,87003.29,87014.01,89.75136
1766763600,87014.01,87018.23,86892.61,86995.82,60.15339
1766763660,86995.82,87039.93,86960.29,87007.48,49.64299
1766763720,87007.47,87020.0,86960.0,86983.0,79.32727
1766763780,86983.0,86986.27,86910.0,86956.01,78.50039
1766763840,86956.02,87039.16,86947.33,87039.15,50.57261
1766763900,87039.16,87039.16,86972.9,86972.91,29.60866
1766763960,86972.9,87180.0,86967.6,87170.07,23.81635
1766764020,87170.08,87210.29,87157.07,87183.32,33.19735
1766764080,87183.2,87211.57,87101.95,87118.73,37.84417
1766764140,87118.73,87179.76,87118.73,87160.69,35.75154
1766764200,87160.69,87187.92,87036.0,87085.93,25.18114
1766764260,87085.92,87090.28,87005.31,87090.28,11.64798
1766764320,87090.29,87090.29,87025.06,87034.65,7.65059
1766764380,87034.65,87052.87,87031.01,87051.76,31.02626
1766764440,87051.76,87058.3,87001.0,87026.88,13.22185
1766764500,87026.88,87062.03,87008.0,87016.51,11.83586
1766764560,87016.51,87051.52,87016.5,87022.6,8.55245
1766764620,87022.61,87069.5,87012.65,87069.49,4.68158
1766764680,87069.5,87074.6,87038.88,87060.88,11.63272
1766764740,87060.89,87148.74,87060.88,87137.81,45.3856
1766764800,87137.81,87224.25,87137.81,87181.28,32.86894
1766764860,87181.29,87250.01,87172.6,87240.61,25.9503
1766764920,87240.6,87248.98,87130.46,87152.9,23.88079
1766764980,87152.9,87259.31,87152.89,87210.73,13.72318
1766765040,87210.72,87234.44,87178.31,87229.05,9.18549
1766765100,87229.06,87229.06,87092.62,87092.62,21.77483
1766765160,87092.63,87170.12,87092.62,87160.2,14.21834
1766765220,87160.2,87212.41,87121.18,87206.57,11.09457
1766765280,87206.56,87206.57,87124.85,87125.2,10.05387
1766765340,87125.2,87176.53,87092.62,87176.52,12.52121
1766765400,87176.53,87176.53,87125.32,87138.63,9.17914
1766765460,87138.62,87147.8,87040.0,87040.0,11.78528
1766765520,87040.01,87111.6,87037.99,87038.0,18.49792
1766765580,87038.0,87091.61,87015.19,87088.83,15.6125
1766765640,87088.83,87088.84,87012.65,87012.66,6.37031
1766765700,87012.66,87115.75,87012.66,87115.75,5.85134
1766765760,87115.74,87163.6,87092.62,87133.83,15.52478
1766765820,87133.84,87157.07,87092.62,87157.06,11.03797
1766765880,87157.06,87162.0,87106.33,87120.84,4.51734
1766765940,87120.84,87192.64,87120.84,87192.64,4.77689
1766766000,87192.63,87282.45,87192.63,87276.26,16.00524
1766766060,87276.26,87292.65,87225.95,87225.96,11.31379
1766766120,87225.95,87278.49,87211.07,87240.0,9.08692
1766766180,87240.0,87321.4,87229.29,87315.28,20.82731
1766766240,87315.28,87315.79,87230.0,87241.56,11.25514
1766766300,87241.55,87241.55,87202.0,87202.0,14.90189
1766766360,87202.01,87230.0,87200.0,87229.99,6.94161
1766766420,87229.99,87230.0,87129.96,87183.41,9.13999
1766766480,87183.4,87230.0,87169.74,87230.0,3.49079
1766766540,87230.0,87259.31,87220.0,87259.31,7.50603
1766766600,87259.31,87292.65,87220.0,87292.65,6.21034
1766766660,87292.65,87321.41,87269.76,87278.32,13.20834
1766766720,87278.32,87278.32,87243.09,87254.06,5.31422
1766766780,87254.05,87254.05,87164.41,87164.41,6.09937
1766766840,87164.42,87210.0,87164.42,87210.0,10.96012
1766766900,87210.0,87270.0,87209.99,87245.35,10.90315
1766766960,87245.35,87339.46,87226.14,87339.45,10.18318
1766767020,87339.45,87379.18,87325.48,87325.49,12.06942
1766767080,87325.48,87346.01,87304.45,87305.17,4.95806
1766767140,87305.16,87335.55,87302.16,87305.69,4.27804
1766767200,87305.68,87348.0,87304.48,87309.75,13.74278
1766767260,87309.75,87380.0,87308.89,87308.9,10.93117
1766767320,87308.9,87308.9,87273.45,87288.76,4.61904
1766767380,87288.77,87316.0,87288.76,87316.0,2.10305
1766767440,87315.99,87316.0,87278.47,87283.85,9.91737
1766767500,87283.85,87300.85,87232.09,87243.86,6.52817
1766767560,87243.86,87243.86,87192.63,87238.19,5.15675
1766767620,87238.19,87248.75,87222.61,87248.74,2.64514
1766767680,87248.74,87264.25,87220.09,87264.24,2.33261
1766767740,87264.25,87286.32,87264.24,87272.98,6.07651
1766767800,87272.98,87286.34,87205.82,87250.0,8.7957
1766767860,87250.0,87250.0,87192.63,87198.76,14.99701
1766767920,87198.75,87198.76,87186.92,87195.65,3.78559
1766767980,87195.65,87250.0,87192.63,87249.99,2.59478
1766768040,87250.0,87256.68,87224.35,87224.36,6.12976
1766768100,87224.36,87225.56,87123.64,87148.18,14.31267
1766768160,87148.18,87148.19,86992.62,87006.01,24.18444
1766768220,87006.02,87021.0,86952.61,86959.76,13.9116
1766768280,86959.76,86964.79,86888.0,86892.62,48.41343
1766768340,86892.62,86907.28,86850.38,86855.82,37.06097
1766768400,86855.83,86921.5,86855.83,86902.02,8.90907
1766768460,86902.02,86993.04,86818.18,86982.12,28.42581
1766768520,86982.12,87017.05,86957.7,86957.71,7.55563
1766768580,86957.7,87014.1,86950.0,87010.87,16.72138
1766768640,87010.87,87017.64,86994.59,87017.64,2.45048
1766768700,87017.63,87048.86,87002.0,87002.0,5.70205
1766768760,87002.01,87076.18,87000.01,87076.18,3.26038
1766768820,87076.18,87086.85,87014.21,87034.59,7.51178
1766768880,87034.59,87052.05,87008.75,87008.75,3.71106
1766768940,87008.76,87026.43,87000.0,87020.27,5.16489
1766769000,87020.28,87020.28,86932.33,86932.33,5.63791
1766769060,86932.33,86964.8,86932.33,86962.88,4.82072
1766769120,86962.89,86967.94,86953.67,86966.75,2.79053
1766769180,86966.84,87013.95,86966.84,87006.29,3.14109
1766769240,87006.28,87031.83,86992.62,86992.62,13.17036
1766769300,86992.63,87098.41,86992.62,87095.18,12.38899
1766769360,87095.18,87095.18,86992.62,86992.62,5.69121
1766769420,86992.63,87007.91,86992.62,87001.8,3.36726
1766769480,87001.81,87071.48,87001.8,87071.39,3.03087
1766769540,87071.39,87073.21,87028.2,87054.84,4.47393
1766769600,87054.84,87054.85,87023.87,87026.47,5.55073
1766769660,87026.46,87051.58,87026.46,87038.69,5.58033
1766769720,87038.69,87038.69,86985.03,87002.6,10.17429
1766769780,87002.6,87061.32,86992.62,87061.32,2.18494
1766769840,87061.31,87063.13,87038.96,87061.99,2.9303
1766769900,87062.0,87100.0,87054.84,87092.63,3.3327
1766769960,87092.62,87192.64,87092.62,87192.63,7.61276
1766770020,87192.63,87300.0,87192.63,87242.54,19.71935
1766770080,87242.54,87300.0,87208.22,87299.99,10.97442
1766770140,87300.0,87321.41,87280.11,87298.03,8.91038
1766770200,87298.03,87423.59,87298.03,87332.61,41.32865
1766770260,87332.6,87355.22,87308.14,87309.36,9.45725
1766770320,87309.37,87356.45,87309.36,87331.71,8.12958
1766770380,87331.71,87354.55,87314.25,87350.71,7.08332
1766770440,87350.72,87352.09,87240.0,87250.4,10.47422
1766770500,87250.39,87250.4,87203.59,87206.51,9.65899
1766770560,87206.51,87302.76,87206.51,87302.76,6.99443
1766770620,87302.75,87314.77,87249.99,87265.82,9.35709
1766770680,87265.82,87344.41,87259.92,87340.04,14.30316
1766770740,87340.04,87385.04,87318.0,87318.01,7.93563
1766770800,87318.0,87392.65,87300.0,87392.65,9.75377
1766770860,87392.65,87410.89,87385.65,87385.66,7.22639
1766770920,87385.66,87463.77,87385.65,87458.65,6.37134
1766770980,87458.66,87458.66,87392.64,87404.37,5.93723
1766771040,87404.36,87404.36,87375.49,87384.7,1.99337
1766771100,87384.69,87384.69,87361.53,87364.31,7.52232
1766771160,87364.31,87429.57,87364.31,87429.57,3.42773
1766771220,87429.57,87429.57,87377.82,87414.11,4.41064
1766771280,87414.12,87421.46,87382.29,87399.72,5.02136
1766771340,87399.72,87410.11,87382.19,87410.11,3.35131
1766771400,87410.1,87453.88,87350.0,87350.01,11.51583
1766771460,87350.0,87350.01,87300.01,87324.75,4.12297
1766771520,87324.75,87327.71,87280.69,87283.51,6.42674
1766771580,87283.5,87301.96,87272.36,87280.7,6.22071
1766771640,87280.7,87326.21,87268.68,87322.51,3.49191
1766771700,87322.5,87360.0,87322.5,87359.08,9.13597
1766771760,87359.09,87359.09,87335.68,87336.88,3.24922
1766771820,87336.87,87350.02,87336.87,87337.16,2.55333
1766771880,87337.16,87340.0,87277.12,87277.12,3.74526
1766771940,87277.12,87331.91,87277.11,87331.91,5.36437
1766772000,87331.91,87335.59,87313.56,87335.59,3.72637
1766772060,87335.59,87361.68,87335.58,87335.65,2.83739
1766772120,87335.65,87335.66,87273.75,87273.75,4.61788
1766772180,87273.75,87296.44,87230.92,87245.24,18.89517
1766772240,87245.25,87275.29,87245.24,87275.29,2.09487
1766772300,87275.29,87331.9,87275.28,87292.65,3.84464
1766772360,87292.64,87294.84,87276.5,87292.64,3.62379
1766772420,87292.65,87292.65,87237.48,87257.0,4.37785
1766772480,87257.01,87273.46,87237.28,87264.72,12.33416
1766772540,87264.72,87273.46,87257.01,87269.07,8.07579
1766772600,87269.07,87316.43,87269.06,87312.08,4.88802
1766772660,87312.09,87350.0,87312.09,87335.24,4.03011
1766772720,87335.23,87335.24,87314.47,87334.63,6.0435
1766772780,87334.63,87359.22,87334.62,87356.91,1.81062
1766772840,87356.9,87380.0,87336.0,87336.0,7.74748
1766772900,87336.0,87336.01,87288.86,87306.51,19.44295
1766772960,87306.5,87332.78,87306.5,87316.63,2.97697
1766773020,87316.63,87316.63,87302.11,87314.62,3.66626
1766773080,87314.61,87350.0,87314.61,87350.0,2.1739
1766773140,87349.99,87350.0,87342.48,87350.0,3.01527
1766773200,87350.0,87350.0,87308.6,87308.61,5.96792
1766773260,87308.6,87330.63,87308.6,87330.62,1.86546
1766773320,87330.63,87339.15,87316.94,87325.07,4.7773
1766773380,87325.07,87325.07,87292.64,87312.63,3.89616
1766773440,87312.63,87372.18,87312.63,87360.68,3.57032
1766773500,87360.68,87360.68,87321.86,87321.86,4.24616
1766773560,87321.87,87335.59,87321.85,87335.59,3.58658
1766773620,87335.59,87344.32,87259.3,87259.31,5.8084
1766773680,87259.31,87273.88,87220.53,87220.53,7.84429
1766773740,87220.53,87229.26,87215.43,87215.44,4.08608
1766773800,87215.44,87246.0,87215.43,87229.81,3.41045
1766773860,87229.8,87295.71,87229.8,87273.49,6.21738
1766773920,87273.49,87273.5,87259.3,87268.04,4.20707
1766773980,87268.04,87292.19,87266.0,87266.0,3.49765
1766774040,87266.0,87284.57,87266.0,87284.57,2.5254
1766774100,87284.57,87320.0,87284.56,87320.0,1.4706
1766774160,87320.0,87322.97,87259.3,87259.3,6.68492
1766774220,87259.3,87307.25,87259.3,87294.0,16.78422
1766774280,87294.0,87310.38,87215.33,87215.33,17.47936
1766774340,87215.32,87291.61,87215.32,87287.39,15.05371
1766774400,87287.39,87287.4,87209.11,87225.32,31.57559
1766774460,87225.31,87269.92,87225.31,87269.92,4.14066
1766774520,87269.92,87281.87,87259.31,87259.31,5.74072
1766774580,87259.3,87295.59,87240.97,87258.43,6.55778
1766774640,87258.43,87258.43,87218.3,87218.68,7.47468
1766774700,87218.69,87240.31,87117.11,87156.39,19.74771
1766774760,87156.39,87174.08,87143.09,87143.11,5.89724
1766774820,87143.1,87199.57,87143.1,87199.56,4.11714
1766774880,87199.57,87270.3,87199.56,87270.3,4.74431
1766774940,87270.3,87315.48,87270.29,87315.47,5.61171
1766775000,87315.48,87349.09,87315.47,87335.92,3.67795
1766775060,87335.93,87335.93,87311.48,87325.28,8.34442
1766775120,87325.28,87325.28,87292.64,87292.64,2.73633
1766775180,87292.64,87292.65,87260.42,87260.42,3.01189
1766775240,87260.42,87312.06,87260.42,87312.06,10.96837
1766775300,87312.06,87322.2,87287.9,87287.91,6.46552
1766775360,87287.9,87297.83,87287.9,87292.65,3.88242
1766775420,87292.65,87292.65,87259.3,87259.31,5.63519
1766775480,87259.31,87268.98,87259.3,87268.98,2.02627
1766775540,87268.98,87277.78,87268.97,87277.77,1.41705
1766775600,87277.78,87286.21,87252.83,87252.84,5.17216
1766775660,87252.84,87268.44,87252.83,87268.44,2.51866
1766775720,87268.44,87284.0,87268.43,87283.12,2.1606
1766775780,87283.11,87349.9,87283.11,87349.9,10.80693
1766775840,87349.9,87350.0,87329.87,87349.99,3.10455
1766775900,87349.99,87380.29,87349.99,87376.73,5.04409
1766775960,87376.73,87388.27,87369.77,87381.77,14.10957
1766776020,87381.78,87381.78,87320.17,87320.17,9.79436
1766776080,87320.17,87320.18,87282.9,87282.91,5.98688
1766776140,87282.9,87346.82,87282.9,87346.82,3.02943
1766776200,87346.82,87360.0,87324.49,87360.0,6.70494
1766776260,87359.99,87363.94,87359.99,87361.53,2.43374
1766776320,87361.54,87361.54,87316.63,87316.64,4.48838
1766776380,87316.64,87316.64,87316.63,87316.63,0.97203
1766776440,87316.63,87332.86,87316.63,87316.64,14.96282
1766776500,87316.64,87316.64,87246.0,87246.01,6.39565
1766776560,87246.01,87331.7,87246.0,87331.69,7.21764
1766776620,87331.7,87361.54,87322.31,87361.54,7.8712
1766776680,87361.53,87373.0,87342.67,87373.0,4.96565
1766776740,87373.0,87373.01,87361.54,87368.37,8.93958
1766776800,87368.37,87392.65,87368.36,87392.65,13.74668
1766776860,87392.64,87402.65,87387.56,87402.64,21.43711
1766776920,87402.64,87402.64,87399.99,87400.0,2.43708
1766776980,87399.99,87402.65,87392.64,87392.65,3.99521
1766777040,87392.65,87392.65,87357.94,87357.94,4.27947
1766777100,87357.93,87380.05,87355.98,87355.98,5.13616
1766777160,87355.98,87377.03,87355.98,87377.03,1.09914
1766777220,87377.03,87383.26,87377.02,87383.25,1.11861
1766777280,87383.26,87394.05,87383.25,87385.0,14.88525
1766777340,87385.0,87385.01,87371.69,87371.69,16.22906
1766777400,87371.69,87382.03,87361.53,87361.53,3.28545
1766777460,87361.54,87382.77,87361.54,87382.77,1.92033
1766777520,87382.77,87401.15,87382.76,87401.15,2.85276
1766777580,87401.14,87418.34,87401.14,87418.34,2.18478
1766777640,87418.33,87425.84,87411.99,87413.97,3.71698
1766777700,87413.96,87442.45,87413.96,87442.44,1.71316
1766777760,87442.45,87442.45,87415.59,87432.02,28.03808
1766777820,87432.02,87463.77,87432.02,87463.77,7.38499
1766777880,87463.77,87463.77,87440.0,87450.23,4.61248
1766777940,87450.23,87460.0,87421.56,87421.57,3.14113
1766778000,87421.57,87436.38,87405.77,87405.78,4.01255
1766778060,87405.77,87456.7,87405.77,87456.7,3.7716
1766778120,87456.69,87463.77,87456.69,87463.76,2.33676
1766778180,87463.76,87464.14,87463.76,87464.13,4.89243
1766778240,87464.14,87481.27,87464.13,87481.27,3.67904
1766778300,87481.27,87580.29,87481.26,87548.09,37.39559
1766778360,87548.09,87577.78,87492.65,87492.65,5.92716
1766778420,87492.66,87522.68,87492.65,87494.03,3.71018
1766778480,87494.03,87517.51,87494.02,87509.2,3.28599
1766778540,87509.2,87509.2,87474.0,87484.8,10.53917
1766778600,87484.81,87509.6,87484.81,87509.6,1.54622
1766778660,87509.59,87509.6,87473.78,87473.79,6.62892
1766778720,87473.79,87473.79,87463.76,87463.76,1.49905
1766778780,87463.76,87491.16,87463.76,87491.16,4.10387
1766778840,87491.15,87491.16,87476.66,87476.66,3.55388
1766778900,87476.67,87476.67,87463.76,87467.38,2.39201
1766778960,87467.38,87467.39,87462.13,87462.14,2.84905
1766779020,87462.14,87462.14,87429.99,87443.32,1.86017
1766779080,87443.32,87504.77,87443.32,87498.58,4.70595
1766779140,87498.57,87520.0,87498.57,87501.83,3.42961
1766779200,87501.83,87526.2,87481.58,87524.41,7.73471
1766779260,87524.42,87566.0,87520.41,87555.49,5.21209
1766779320,87555.5,87555.5,87513.06,87533.01,5.26519
1766779380,87533.01,87533.01,87465.3,87465.3,3.16661
1766779440,87465.31,87465.31,87399.71,87437.5,3.8022
1766779500,87437.5,87450.18,87420.0,87420.0,2.83268
1766779560,87420.0,87431.79,87406.01,87420.28,6.18321
1766779620,87420.27,87466.26,87420.27,87463.76,1.81672
1766779680,87463.76,87508.0,87460.95,87508.0,1.02375
1766779740,87508.49,87516.59,87498.66,87503.04,3.72135
1766779800,87503.4,87520.0,87474.56,87474.57,2.1114
1766779860,87474.56,87487.34,87474.56,87474.56,2.88529
1766779920,87474.57,87474.57,87463.76,87463.77,1.47076
1766779980,87463.76,87493.92,87463.76,87493.92,1.21394
1766780040,87493.93,87528.2,87493.93,87528.2,2.04837
1766780100,87528.2,87528.28,87528.19,87528.27,0.5435
1766780160,87528.27,87540.05,87517.99,87518.0,1.97889
1766780220,87517.99,87518.0,87512.6,87517.88,1.22309
1766780280,87517.89,87537.44,87517.01,87528.68,2.60325
1766780340,87528.68,87528.69,87528.68,87528.68,0.49493
1766780400,87528.68,87528.69,87513.63,87515.78,1.83098
1766780460,87515.77,87566.0,87515.77,87554.93,3.39633
1766780520,87554.94,87594.27,87554.93,87594.27,9.38046
1766780580,87594.26,87614.21,87582.3,87582.3,6.19086
1766780640,87582.31,87609.47,87582.3,87609.47,1.37486
1766780700,87609.47,87614.8,87603.85,87603.85,5.42422
1766780760,87603.86,87641.64,87603.85,87612.72,8.20216
1766780820,87612.72,87623.24,87612.71,87623.24,1.54782
1766780880,87623.23,87623.23,87612.72,87612.73,3.95767
1766780940,87612.72,87612.73,87612.72,87612.72,0.63788
1766781000,87612.72,87612.73,87586.53,87586.54,5.48323
1766781060,87586.53,87606.31,87586.53,87606.3,6.11292
1766781120,87606.3,87612.73,87565.99,87612.72,1.56433
1766781180,87612.73,87612.73,87602.48,87602.49,2.56585
1766781240,87602.48,87602.49,87596.24,87601.49,3.11568
1766781300,87601.48,87633.69,87601.48,87618.86,5.23748
1766781360,87618.87,87618.87,87565.99,87593.93,5.01061
1766781420,87593.92,87620.0,87585.8,87588.04,10.80582
1766781480,87588.04,87620.0,87588.04,87620.0,1.11313
1766781540,87619.99,87660.57,87619.99,87650.05,3.22105
1766781600,87650.06,87650.06,87600.17,87600.18,11.63001
1766781660,87600.17,87611.21,87592.66,87596.47,5.89538
1766781720,87596.46,87608.22,87594.8,87608.22,1.53763
1766781780,87608.21,87660.0,87608.21,87659.99,4.99895
1766781840,87660.0,87687.01,87659.99,87687.01,7.85847
1766781900,87687.01,87770.46,87683.51,87760.8,17.91927
1766781960,87760.8,87772.27,87731.01,87772.26,6.74265
1766782020,87772.27,87792.7,87770.45,87770.45,3.34949
1766782080,87770.46,87782.23,87703.26,87703.26,12.81685
1766782140,87703.26,87718.38,87692.67,87692.68,2.78552
1766782200,87692.67,87738.33,87650.0,87738.32,13.78693
1766782260,87738.33,87760.92,87733.7,87760.91,2.74256
1766782320,87760.92,87760.92,87711.46,87711.46,3.12816
1766782380,87711.47,87734.0,87702.77,87727.85,4.54679
1766782440,87727.85,87727.86,87672.43,87683.41,2.92892
1766782500,87683.41,87694.63,87633.04,87651.88,4.75593
1766782560,87651.88,87655.55,87615.1,87621.24,4.03629
1766782620,87621.24,87651.47,87621.24,87651.47,0.97104
1766782680,87651.46,87666.01,87598.16,87598.17,5.77551
1766782740,87598.16,87616.71,87565.99,87585.77,13.32438
1766782800,87585.76,87670.94,87585.76,87670.94,4.77268
1766782860,87670.94,87692.68,87670.93,87692.67,3.04393
1766782920,87692.67,87692.68,87668.22,87668.22,5.20222
1766782980,87668.23,87697.81,87668.22,87668.22,2.69716
1766783040,87668.22,87668.66,87668.22,87668.23,2.32363
1766783100,87668.22,87668.23,87600.0,87604.0,6.33438
1766783160,87603.99,87609.74,87557.04,87557.05,3.23173
1766783220,87557.05,87565.78,87550.37,87550.37,2.33011
1766783280,87550.37,87578.36,87550.37,87578.35,3.24151
1766783340,87578.36,87592.04,87574.8,87592.04,4.29286
1766783400,87592.03,87592.04,87592.03,87592.04,0.63957
1766783460,87592.04,87594.83,87592.03,87594.83,0.30495
1766783520,87594.83,87618.0,87594.82,87617.99,1.18159
1766783580,87617.99,87618.0,87617.99,87618.0,2.43891
1766783640,87617.99,87653.6,87617.99,87653.6,1.3389899999999426
1766783700,87653.6,87658.64,87636.38,87646.92,3.9666299999999803
1766783760,87646.92,87646.92,87646.92,87646.92,0.00027
